distortion,p1,p2,p3,p4,p5,p6,p7,p8,p9,p10,p11,p12,p13,p14,p15,p16
0,7.32346575453569,-8.52418674776048,-9.35603383750365,-2.02256368716226,-6.69244998962273,-6.74637778645885,-6.17468392268947,0.492313156091458,-5.90360483197798,8.2003676065809,3.21879532369029,-9.51287291969112,6.03219861035381,-9.52539080060462,0.655193341070227,5.12981597717742
0,5.81552786219761,-0.751993265984064,-2.65166428724576,-1.55385510518062,-4.62608868765703,1.83876003850426,-3.1847279560774,2.56395676860389,-0.838274174285097,-7.48027027669126,-1.88013593429732,-1.56788317656425,-1.3379737830846,-6.20071752194894,-0.583774313280905,0.667749183833555
0,-0.971978867448974,-3.45196016646921,3.61005553070717,-1.84074000833265,7.49514818182281,1.08430210527656,-2.43402462564776,-7.26665307463833,5.56592720562982,3.61419819034718,-2.96847327794987,-0.277793919275299,10.3124466148516,-9.79704886034039,10.0938862558314,1.04783686679893
0,0.379909967856265,-3.76403776257239,5.31057167076487,0.0570020912432909,-5.46366877691845,6.33161338474065,2.45816331603748,-1.70475118306316,6.94721052959107,-1.79049093692293,-4.79784678783417,2.52995952932936,-6.69595244478631,-4.81468641633131,0.772697068988754,-4.41499489448644
0,6.58494106221682,-3.40979755263595,14.1064861657399,4.03158436061665,-1.86431829491131,2.84862654319171,7.64503906897611,12.7292059840226,16.9094930570073,-0.471293956943361,1.37093911773615,-6.18211453934007,-11.5730810978444,11.3971454052623,1.99232254764027,0.494751981117678
0,3.05972669852283,1.2832655038047,3.22845539213002,-8.37191070205059,3.85017297536091,-0.243216889575497,11.8022462202582,-3.75084227316136,-5.00966281514539,1.31752920125965,4.97543667116289,-6.82763462644348,2.66462821396147,-15.5369865335004,9.91702460849985,-2.26273963161835
0,7.34361950629388,0.708186480715102,1.16734568762685,6.73554029329852,-6.40903826309771,3.6284311740452,0.433031101290636,5.94932661604573,7.2875601480118,-1.33548194660148,-0.763986140483552,-1.55399751479669,-3.9808925821352,5.1066667090616,7.26883102478978,3.09557812719437
0,-1.67598169121291,4.02562489167838,4.39034538559854,-12.957063620022,-3.54652845608127,11.3214905506911,-3.20106655893152,2.65909038097769,2.92281663638282,-4.55914964424615,2.4827211728962,8.18011788339222,1.20611927247675,-4.23241499057452,7.02960203344257,-3.91716338087415
0,-6.30401774874522,8.57011881937302,2.64081115869647,-8.62915696577105,-0.90440563774804,10.8741777065397,-3.38426965699048,-6.13068679612536,-7.56501358670712,-5.96140200003226,2.5354511621471,4.4580075447971,8.57271911828106,8.14074759083723,-3.26447551090482,-2.09232574341158
0,6.60794843053569,8.64056827777669,4.29613750535429,4.46573212230614,-1.91182898313912,3.61271418628803,0.652941982889281,-3.22403017790671,4.86161268656356,6.30054435751362,-0.416461622362291,12.0577704373061,10.3479110819129,7.28404319141504,-2.280867024282,6.30123684994576
0,-1.78082971451227,-5.38122039209716,-4.83362613315822,-2.51344642541861,0.493973048026447,2.99327714378283,-1.80626216666073,0.703316077112762,2.10986172711245,-4.72954720382166,-0.449950776836012,-1.71410737441881,-7.04624587916152,-25.1172709922888,10.6935927446833,-2.38262008276715
0,8.83213164239208,1.90996036168596,1.12404143453985,-0.896919738832568,9.08380132641682,2.94134197606685,-0.722118560284568,3.45137407711004,2.86217669362123,9.51473054917904,3.97433190950938,-8.2617841310635,9.10886396087679,-16.7795626025876,-0.536137166059416,15.4678664169925
0,-0.0679307495923949,-7.33900742315662,2.47021116950068,-5.03669049372011,4.10796228250481,4.13903191772246,4.08253535426332,-4.04503782032293,-1.7101643231468,-2.89232173368212,8.25510621273875,-2.76103947064011,4.9129036922439,-25.5191686539017,5.48911769984121,-1.56290539880779
0,-1.86108327158764,-2.98500777206589,-5.02174999006658,-9.05372405915197,12.3502276643461,13.9444266328,-5.9742239234403,3.16326054777157,5.9928323074891,-0.840326648409238,4.12106843556366,11.3277352852697,-0.848447704990336,-5.56086512249572,8.39607295991121,-10.848415318753
0,4.37861844255815,-0.675090407303101,14.096654949235,3.70383437697585,5.84872282870943,1.69348134492431,1.92328768787146,1.19582307250669,2.6448019115397,-2.28610184853636,5.18188588085703,-3.38077236415511,5.53224667009194,6.0191842047395,-3.34433797648923,10.8163723826584
0,8.00515434847801,-2.61528855854831,2.04933883303318,4.61964046588213,-3.54002671453191,2.92404559248203,-6.69495269157523,1.82981924923323,-1.48788711249713,-0.668072512549386,6.52046845188062,3.32003574845981,-2.40753172684166,3.11106286526799,1.39009293631051,6.52753067774429
0,8.80827325447714,9.65186880245954,0.524846949854033,-5.75176627589078,0.399902594565467,6.75431981063229,-4.5735186975745,-6.34959419276893,5.12386610012646,-3.41676352600077,5.86874799809941,8.18047084090458,-1.67822060607239,0.435338013621053,3.56981542548935,3.83620871280006
0,7.17372611002115,-0.835936653179985,-7.35230455091332,0.889850551042644,-3.50574505527412,0.905450234460983,-1.25996803343826,-0.998407323121086,-6.69949431731492,-1.29016116636258,2.54419142963376,-0.182683918540166,2.94884906495517,5.15023407914545,-0.131730650105609,3.39737931058145
0,0.182807955277863,-4.78876137291899,3.27046500754306,-12.6361987350162,-6.56692310661376,4.79696319270562,1.97275198689114,4.10214677713243,-0.23809484202667,-2.33906989634477,5.74165046718635,NA,7.43522865366501,-16.4669611002833,1.65914626295397,-1.06428119770041
0,-0.833400242133458,-1.71392110014872,6.22379045079939,-3.59666209207867,7.08079857983805,3.94949180708226,2.08244655410119,-2.80219587333479,11.4157363958542,0.694309369330946,-2.82996195363261,-0.557901624982402,NA,2.87848510152047,7.29474220422972,-7.09049323182568
0,-7.74798559529527,-4.12100399338684,0.934388723170367,-10.606400167679,-8.27606840518906,0.42351212993942,8.36192965463285,0.569186229631168,6.09671289780964,-7.02579522733726,6.92979129781007,0.401339739741025,9.5532737108359,5.87446547149531,2.96555211961873,0.0432733239105172
0,5.5083217668238,-3.59561624765839,6.06773074379706,5.33939183859835,-3.93765915670845,0.300010743321808,3.22819089499129,4.1969156973486,1.63147524112216,3.53248472483697,3.35598087210017,-0.0783119226885156,-1.7246597366108,-8.21775306082233,-1.77154813405263,16.174324888041
0,-5.3188099128915,3.76174359636266,-3.80774136809151,-4.55977532038371,-0.588380464210096,9.02007851011819,-2.30608212784729,-6.00113608518405,-8.81531684996133,-0.891525012631938,1.93857574919004,7.77142876394265,-2.90972188378068,-11.6850420387179,-1.21266018341795,-3.10936177675342
0,3.14263655639714,-0.165712303565161,5.95721004125514,6.9820283301398,-3.71518190218053,5.74176016959554,-9.37105260883464,-4.5632817715158,4.81198858432052,4.30783351379568,0.0549280003013894,12.8780335654528,-3.59783273656219,5.53992066970348,1.85595036323251,2.71454441800931
0,7.46486643004155,12.1564426887018,-7.72816812191653,5.57397608678979,-3.45173150316409,6.5725445103411,-7.65185313032778,0.124510751203512,-5.72524894425665,-1.77594427491764,-2.54777552889531,6.36572072982432,-1.30511944551233,-0.601627643775352,-3.61192266435914,9.80041213840442
0,-6.0785064547084,5.40640117413257,-1.0050484238323,-5.13702473474372,-6.97079059388933,2.36484952532146,-2.48142921572635,-0.411242546777097,-41.5609919843811,-9.60993890135886,8.68987588885651,14.1442314827049,4.37554596859395,-7.9988788863807,-5.71832898090826,-6.40133374044903
0,-0.872193626746716,-1.10743698030604,2.50981850482794,3.78482938667968,-0.127834918524873,-2.92834568802642,3.57087842773038,4.98444341281736,10.3616186153738,9.21277910401029,-0.565749251299815,2.80593971065256,-5.50924303544534,3.06999282029516,0.730319969819872,3.38822204567248
0,-0.556444810988109,-6.37527553436516,4.51052588845632,-6.92980985484128,1.25463214995492,-0.334495703138604,2.2163718327868,1.62807570664187,-7.02290610129648,1.67821342314496,5.19656952765635,1.36050943857676,10.4642023558535,-11.754872151447,2.34216161160234,0.610873521820805
0,-6.23058857417831,-4.2570969511155,-1.1368814421813,-3.68566090601015,10.6865864960811,-4.66993624271252,2.2863238767989,-4.51293575552681,12.5346339433188,-4.65713713487607,3.52234277411056,-2.48090215266778,12.8671598093951,-11.5147713570601,7.07455789583645,2.05139801952297
0,-6.80168800290949,1.22406680086536,-5.99730283992886,-6.3727261059667,-4.14549776204505,-2.20911038095284,-8.87086671683308,5.63142746275598,10.2758513949126,-5.29271896774381,-2.03962746618166,2.86280667638643,-2.02963470650522,-6.05873949223039,-0.934032026061846,9.04211130803854
0,5.83111541375191,-0.966975762592251,-1.68360210854978,5.37222626797914,-6.60540054074325,-5.4183647067676,8.36680513573837,1.65754186763281,11.9931408898465,-1.94300742403274,10.5360991233227,2.60323957236732,8.07665729768248,-4.68659043410291,3.78681122570157,1.46417695604991
0,0.312003364879878,3.24247718562191,-9.0975184236611,0.909296330397412,-5.86474561220459,2.0568262046615,-0.825481266573217,3.62622643278237,-5.67153151041332,4.49522130155482,7.79145306871304,0.558580619121048,NA,-6.89700917305835,-5.18288818629683,2.70119062111549
0,4.93747393435583,2.96345481564899,-4.86425390425592,0.611041194390951,-0.743461872099898,4.27680291553607,7.17626231705102,5.7676504398399,-1.89767824410225,-0.446982912306397,3.22396492934385,4.3853499740598,12.3995778007678,3.22283127694815,-4.89673194347198,0.541546534873845
0,2.23028302284008,-3.63709956945675,-2.66261624665274,3.76109042487354,-5.50200352918266,5.57455943119783,-11.7941087625777,1.09078932195064,-1.33365125157046,8.78398168945085,-20.1881843709384,0.675783604917715,4.00951367156982,-2.89116475632862,-0.384225258439551,8.69967168178219
0,-5.88405546034509,3.42894558066556,-0.0881138447842069,-6.56273271186758,-3.77109628296123,-0.015274851206371,-5.98456183516278,0.532790696185077,9.8809431276214,-2.50867275528937,16.6605229923065,7.57962337019093,4.79640764011641,-8.32383002424212,2.45348999058821,-3.74142769835327
0,-4.90370505173295,-8.49947744059509,-0.320033332564075,1.21344410483474,-1.24038156138629,-0.64689072079246,0.868516582041627,-7.36092397643538,8.26595496410573,3.33571719680694,7.56891507322898,-1.27069305497431,-0.577677550990287,3.97579511936726,1.71365767256771,-3.72242226054955
0,-2.90424061270231,-6.84088258477685,-9.0704486844907,-2.27950247833524,11.0548608202885,3.25857731085873,-2.01659989141088,-7.28786971012589,-3.6443575953327,-3.00479801847418,0.589777236797097,-1.00573124811399,0.279640797984293,-3.38451310989802,7.30880874473837,-8.37086105316546
0,-0.97251674077963,-4.70545286898816,-5.26074384133428,3.50648876099974,-1.28252581173381,-5.94493350769374,-7.40173335832495,-1.47793474947472,0.539362725396512,0.0418639101984777,2.51332068118498,-1.01725414324584,1.79566601846919,3.74044671165025,-4.66784057073563,-3.29307958705022
0,-1.13708314419164,-3.2404315863151,-1.76054011735339,-1.07586042429801,5.0949236724596,-0.575837005317629,8.22179442158495,11.3015004793446,6.45341688379868,2.60824975602921,-16.1683227110633,4.46103252669464,1.14328598568498,-15.7839730436405,1.85968718965573,0.371737982311849
0,2.81613640366318,4.01704636643366,0.490485845419186,5.03770190933227,-8.20249708339447,4.809414253237,10.2701439254856,-2.1774590422849,-5.35330369692361,3.46752078350185,-4.86807649255934,2.83298639955645,-2.32513857674544,4.43985684490565,0.43836025390053,4.79164415064489
0,6.02548743415898,-6.82690685364365,-3.89168296645454,2.62752076177683,-4.26913998353646,2.97909271100082,0.625086000359861,3.93576714888957,2.33699154264004,8.6847131732654,-5.99552837485595,-6.80264196716768,-0.925272391420961,-5.4025969218502,-5.4039546268658,1.89768282704992
0,1.37096749853035,-9.8482807722841,3.82333698246132,-0.774123355604941,-7.17901284523263,-0.440413071844442,8.49450695263416,-0.00711049404469044,6.01824812519554,-0.284714537261951,-0.849292055320277,-5.65886684482548,NA,-7.91327568185603,-4.84222391256034,-0.279625687049312
0,5.13373693133404,-6.49238704506253,-1.92913747758742,3.35404748700321,-4.52999777849249,-0.560306628310762,-5.26601398969307,-1.36304482900872,0.463674176597475,-12.2724070649161,10.0889318879186,-1.80990858477379,1.02951535870646,-1.41475632515073,4.53176054202536,4.04242633349452
0,-2.12021743596798,5.69582454232024,2.81889756239908,-3.74509523607498,2.75282968029655,6.77345297423284,-5.84769223922604,0.0984653245615243,8.92705864533798,-4.85890655857324,4.5404515060075,0.105469751243474,-2.52894579494651,-4.60755245046122,-0.97583102248241,-13.4492955323507
0,-4.72350312830284,-1.5707328147189,-3.63313092616317,-4.92270928270261,-2.68060136120582,4.05913656766787,-1.52110161053842,4.97355209251893,-0.800121919806872,-4.99129621745334,-4.49405744410399,-0.245616332446299,0.957774613435431,3.49979283381496,-3.31896817028254,-1.52183390813643
0,0.250397289527347,7.94467331953961,-7.12818106775203,-7.12249898535956,-3.274624619042,-0.355220551239761,-2.62510649953753,-4.85439877624148,5.54382600249053,-7.56642139393478,-3.31531448953615,-3.44839426812757,1.56926277535441,-10.6350936789601,5.67056672239151,-1.41620226217382
0,3.4367912353565,-2.61285981710095,8.52488153186641,-2.80323917716133,-3.38420221505966,-2.1674822651578,0.365151599349009,6.82483582994099,14.6424538161234,2.43443456294688,4.82903526085514,3.20474143172107,7.89926555637834,-2.55835236189235,0.416042272242944,7.26837271397802
0,8.75148313755784,0.102300435189888,-5.60782239254,-7.48509725865317,8.22563785941622,-3.216409720198,-2.92874518189925,-2.07275851764023,4.0559956009322,-2.30372546955748,-3.18968248114257,-7.23913332759034,-2.69440500740199,-3.90130865524294,3.22840282159248,2.39719362646399
0,-5.71350673645742,5.07200195150982,5.81014232784038,-6.70967337496356,-4.43880632842905,1.28660178402145,7.97725354388392,-1.83454598685047,2.54937407340582,-2.60533462185178,-2.10641157867274,4.1827589188996,-0.761451868293446,-5.88863508650503,-5.28490517361248,-23.5339795287101
0,-4.21549284923086,-9.01277084268397,-7.82088371582272,-3.01647014386953,2.95954330548203,-0.849817552277657,5.42273887177336,2.4804897798401,4.58143110965956,0.190707044898328,3.70326649359109,-4.25724967389683,2.53487268397275,-7.52699822036111,10.2271845444766,-4.90854618264869
0,4.72533754460266,-3.09434404408991,7.99279210552276,11.6880644393429,0.455183526086268,-0.936269552343936,0.501487896257968,-2.08599565572259,-5.18989329783195,-17.0232555582623,-4.82365069978994,8.08008698468715,2.21935311911772,-1.42933323351896,-2.43866001270434,5.86526687554298
0,5.47845631010157,-7.6648659772259,1.02797834387124,-3.88604832690489,-7.38941408274381,0.94933314129482,-4.55355328928185,2.30421161256752,-5.79354594511496,6.47586829161888,-0.499037803479538,-4.44591261976172,3.17513008357385,-0.255730314987808,-2.94146244332635,-1.15583023057525
0,-0.246729217306028,-2.21482137009996,-0.960415070307207,-0.814648133527528,-2.07737089790972,9.02387472469772,0.740744252503966,3.99277176694009,5.09244558267907,-4.82895952600658,10.5073178262331,3.84012783002787,0.43871665160812,3.9069618047274,-7.30139018629267,5.19492580225447
0,-1.47869757213152,5.05110159286213,-1.72424602268749,-1.47331737604897,1.81107341052842,2.29480227069949,-3.01299869492477,-0.635722419354516,-3.41767112865423,10.2755238883197,-1.35700974113215,4.80186988299089,0.227153250972186,-3.61967974283818,4.19465525825158,2.10939330111507
0,-2.37369154928213,-6.15826223613089,5.23080735794766,-2.38123921622685,0.176581707180227,0.89113777440603,-1.46741857680902,2.44952769454298,4.37322651570051,-2.96309629933295,-2.81551639828704,2.61557148087823,2.4070932609864,-4.66460398379398,11.4872948737385,-0.568045740390702
0,1.56806393364618,-5.16770818450179,-6.48246852968943,0.660283164763241,3.23926464815868,3.82345948406652,-3.05054081447683,-2.43751269825901,-2.62949980510647,-1.07033776678005,-2.7886270968116,-5.96648108873421,8.69509865324088,-6.44827992311352,-2.75043388157196,2.43527123732392
0,8.76314703063599,3.05653739575313,-4.99016779952394,-1.43367216186422,-4.59764057519005,-0.369989461185996,-2.87617007206214,1.89161342931787,-4.82955189549778,-3.07925622607066,5.06103543492555,4.01608203537168,-3.49743940307668,-10.5921026726913,1.03603447034451,0.0876117912919945
0,-2.55522787456994,-10.3016756901122,-4.19910010128571,-2.42634905920228,1.29493914286791,-6.23165649974044,-4.86674102835821,-5.83477410981435,2.71495596005152,-5.58584126132133,1.72401477966048,0.150084014751166,3.53013259130012,5.56735974888551,2.92857323241259,3.11393213050702
0,3.84700293347959,-1.82312476473497,4.42251679539219,4.28953472408887,-2.67226217548214,0.991945918307602,0.10632135106591,1.85990623188621,-0.715174992308182,3.16179345381461,NA,-0.986171310418971,NA,-1.08283005451936,-1.18567518419841,-2.92128639495591
0,0.551906007671526,-2.36115405827238,-4.84954794335446,1.94293527512,-1.4397080694018,-1.14451333387074,-0.621847748227312,0.376635500746175,-0.930940921474938,5.06345273550628,-6.24390733812774,3.27370577249221,NA,8.30385429697653,-2.97002334978925,-3.76650420985785
0,0.432939359164572,-8.64966914447534,5.16959850930408,-2.64445268034841,-0.432412237756171,-0.351240318058106,17.6345045968631,6.2091703555914,0.972963814330077,2.87785557867381,2.67706542839973,-5.63616898209237,5.20958448152441,10.1201887875438,-1.9045554634391,7.01306627186062
0,4.28156333139453,-6.4559256135602,-2.79127991661124,4.72530930722264,-4.09235585694633,-0.26582853245109,8.11091898673659,2.11671858873888,5.11942577954303,-3.30209430141114,0.576142585634098,-3.91888119300492,-1.28902936733779,0.71826853953519,-2.3733735288892,-4.54909480376072
0,-0.094709854809877,6.36112678278664,2.36716941779043,-3.47764365614392,-8.06270405276751,-6.78275528927284,0.0868587580546683,-3.25909608221817,0.546758946430895,-3.69332876456814,1.08425544945554,2.50663462532536,-2.34236576025959,-2.19728621277435,-0.693480621148838,-7.29111288777618
0,-2.63014926550391,4.58582680345939,-0.377555765995401,-0.253116541239575,5.02270884247144,5.66840582096395,-0.864171957434066,-5.19847029736975,-2.48169825328513,-2.272457623085,-2.08006691708332,11.9729589955499,2.60682839273729,-6.53051293116596,-0.0665013231889113,-10.489084063617
0,1.81723489961061,-9.66737220784611,5.01886526414748,5.09231288629237,8.26926439166011,-7.83732234154354,4.52627758944354,3.14230281111581,9.98139623413756,-1.94571502532106,6.48847700637048,-6.5192264753986,7.00656038749296,-4.25205955203914,6.56336622122351,0.604717022957359
0,1.64415452789997,5.09913217276717,-1.83163152225603,8.66338942445452,0.0209880003076277,-0.315095811985083,-5.38322725364698,3.39169228421543,-5.54095386743166,-1.73933744201422,-2.41022260915305,5.25511172062066,-3.19373250603716,7.55266573690018,-1.99426871956971,6.69274637346624
0,-0.891109818063011,-0.844450545917582,8.57090326256937,-2.22685905235812,9.66333811690165,6.41238048747913,5.36108090227154,11.0610155039747,0.583310163932517,-4.93130736143733,0.686369474563179,-1.19462336001313,9.99702458273191,-4.59770983577734,4.06723959076343,0.0833564491463861
0,-0.520296117580022,5.89530220990201,-3.87829064503659,-1.58983412019846,-5.33293221303666,-2.28731449465732,1.97245068885189,-0.895794639396854,6.62015659287624,-4.75027842267161,-5.68551442656842,0.990855849145216,-0.255383284066827,6.48384020342186,-5.22482488539758,NA
0,-0.00993653957538809,-0.801092374566517,2.66852267131675,-2.204313808323,-6.25514700411578,10.8091092879392,2.89697707884952,3.03740488578604,4.08997749900091,-2.50479470455174,-7.68769862819693,8.11501929546857,NA,0.635897674852005,-2.0518092795179,7.26249631197401
0,1.04702059665923,-4.1489726333084,2.55975228674647,-2.79988681959638,5.34828410647478,-4.53940981987349,8.7260993645182,3.89345080667995,3.71799743515736,4.48897873441994,1.06279992431677,-14.4154664511754,-1.84489328803195,5.87395972464335,-0.529743249837995,10.8321484692529
0,-0.921581878300908,-0.533412030348526,2.54597992753041,2.38797828865928,-0.461590350110297,-2.49384936296981,-5.0383859131769,2.88721298174343,-1.03601946248709,3.09417396129684,-3.69232338524054,8.04357014730943,-3.8573196397146,2.00418639322232,-0.498326011141144,-3.66296628598164
0,-0.159230103031257,8.58914095551236,-8.31602133557176,-0.272653382754739,-4.81955064317265,NA,-6.04128156260219,-4.76628638508413,-8.08740233968617,-3.63107007451057,2.85025373645935,1.00359754764859,-2.56374365971328,1.47610879328846,7.47368452170026,-7.02840160455423
0,-3.16925680663874,4.98659211665572,-1.34249213356012,0.0715569015578881,7.17793673015588,0.0468339351459721,-5.42566926981845,-6.62757967260357,-8.091219834309,0.998041732143401,1.28318982390715,-1.48934670790517,-1.84487364838184,-10.1403738441188,0.98920279775382,-10.6623014820324
0,4.00570578512918,11.8048248745787,4.92252126536446,2.33072001955645,-0.969444237350804,-7.75014057996477,-1.05525520272152,-1.00248372530129,-7.58780000929851,3.02109788146591,-9.29386189945561,3.97563002698886,8.41140246995239,-4.92415444746817,-5.12574232424701,NA
0,0.784701913740446,-4.31564503218094,13.7993234722938,-4.90714860831691,-2.37367875782814,3.74407614317521,-3.22618233626294,5.71440872953215,-7.93693769880069,5.10072197243374,6.8413728044151,3.86535682281085,-7.12774906265875,-6.62340807057643,2.14538569112828,-3.12213365609506
0,2.1465557549375,-9.90516445373161,1.60419622554665,-4.13634181472276,8.57433452165385,-3.68900520282668,-0.752157862033759,1.00326941647841,5.72202536283578,9.43264698310884,10.1644336673601,-3.804499038011,-1.68663491995054,11.5630193121485,3.88441800972398,6.91446225238999
0,-0.477826122138288,-7.57768325484751,-16.493690262873,-0.468078311295176,-3.70021794738029,2.95196946377259,3.31198266141802,6.83000394135463,6.51890147645174,-0.702896233727537,2.77150014436925,0.15475543371028,-1.54088522742376,0.465196077234248,3.04041582667376,-1.1837374000693
0,-1.90111406360616,4.23535906134632,-7.15514906264912,-0.128662632232202,3.96714202488923,4.99945380841944,-7.56323402321451,-5.84742406928086,-8.09862101415774,-2.37653115369846,6.36695965940657,7.96087027708105,-6.34310831395436,-1.63961373653036,2.72084675533777,-8.34236020744947
0,-3.37045833151483,-6.12609984776152,5.35432931998054,2.95348416373482,0.580002605499512,2.70091788632131,2.70924383491431,4.12581650127162,-0.338767525301887,1.13806672290195,1.05364048193725,-0.814399778767368,8.08382051564625,2.26078026457478,2.897157916811,5.78996337533266
0,6.5767876602096,3.74830927624275,-2.40901097148895,0.592383556279162,1.54961522943317,4.55390915683287,-3.26919134253842,-5.14851270706748,-5.64989733183516,-0.726759895076942,-0.99565160061971,-2.81228098978018,-2.66164847827624,-1.54797590453549,-1.97237338118147,0.322661709916838
0,8.42630403664447,8.95259769243343,-10.667462012194,0.880085029589307,-0.739684513523037,-0.340952450074807,-4.87860566733851,-0.926242702982273,5.3469252696198,-3.33458034330296,2.21519686130993,2.01322358623082,-0.943588105744355,0.791292923255339,-1.91101060141985,-3.41729041342939
0,3.17057373465826,-8.24925435274011,-3.85535519152526,1.99220308428576,8.85111883385545,-1.04828918747812,-5.54205566371063,-4.01191148294134,-8.45702591033124,3.14784657977789,10.5756223820951,-3.28438278812362,1.53077814814312,7.91464152966213,4.93325864115414,4.2530076107178
0,-1.0247321213464,-0.332762442610611,6.75936469628213,-2.0357992206222,-4.65951131477276,-2.57778655981223,5.5485056607832,1.71101396340746,6.64866258456348,5.40093131176023,-2.05715690596316,6.73035836643431,5.32838436256326,4.21094730736273,-4.66905923471869,-3.78412419379524
0,-6.03695967564125,-5.33750054699873,10.7735056907107,1.93016218052723,-2.35415913884948,1.96458714606897,4.87836937230517,-12.3827011072779,11.473669738169,3.08381878714657,1.65708759898122,2.40956748143419,-9.40440155794101,-6.53843926633382,-4.07506423409748,-4.85306032709678
0,-7.33780065013315,-10.5570005061903,-0.182354778630608,-0.289284342314999,-2.69484828169452,4.30211322743986,NA,0.958756695550903,7.93373782137475,-4.15922523337452,7.77731953489122,-7.11114185762204,4.86331589460493,-3.68368726582803,3.0488855425823,13.6402152755899
0,-1.47559255576633,-7.90703806209058,-3.81968769860231,-3.95829569064828,-8.70454170077004,5.09795123565904,11.8830892061448,8.52496121895206,-1.23388473423464,7.85713016853061,-4.82572597740104,-4.17262252975794,-0.859575131687659,12.4242884519611,-12.6646569699023,-2.97211397945448
0,-3.06247787037976,8.11908833853022,-7.30445648978607,1.6448797953687,-8.02926505424883,-4.41666813385102,5.51014420234279,-4.48115237773295,-2.34497186015645,1.34448904367523,10.3781400774639,-6.18315896152957,0.423663316098663,-9.15279640414081,3.83419420213305,-7.35913362702388
0,6.81936364535998,8.40754819778371,2.99820132191007,1.99452936341108,0.563599640007938,2.97057358643867,-6.69477861252125,0.0756630504210931,-2.45590728571615,0.277712487548516,-5.92856908665833,0.313558658437617,1.70244081200306,0.83005725607134,4.21830177411569,4.04476510055684
0,7.80814041290447,8.28988141647145,-9.13726092876636,1.66442085204613,-1.52036074623291,-2.25332006361174,0.474310669617005,-3.49858329518469,-8.99829644754066,-0.214300803129861,-5.82077713723824,3.59313721726041,0.373494383858468,3.81370606753139,-7.84780521149305,0.205226677275577
0,-2.78634935486508,8.03161177427117,0.657547589009346,-0.234739930365283,1.09467744090677,3.30322965260299,-9.76834298070493,-2.83653298444583,-4.29627974889332,8.61800034427245,-4.78488940767188,-0.964410509455182,3.15548223508324,-6.51340403284176,0.486150364557882,-3.45947164383016
0,2.6868616173182,-14.1007334493716,-2.18091858027845,-4.0180719894213,3.82629217375531,-9.39208655486257,-1.65299087668344,-2.25391838197004,-4.32064614980541,-1.52156263499233,-4.59718057210204,-6.11933850507229,-0.828805574977727,7.56321284656498,5.25540769801323,7.31924924355339
0,-3.72695891063524,-4.2107177727066,0.807362355860784,0.553469939481208,-9.99667466308978,-3.60431150741597,1.22776145309394,2.7304010800441,8.26874325885294,-0.161802449180942,-7.12127180636282,-0.730101462598231,4.67990958442206,-10.7735501961976,-2.56350930254611,8.44127014836718
0,-0.954299620843477,-3.1171319335695,7.89431647721522,-0.944849540786267,-6.02329024201629,-4.06776748920607,3.67807944623307,-9.74569862601857,3.40620831366892,-1.03567180303004,3.49287209759897,NA,1.62173890451459,-5.54441684381922,-0.725699191213354,-7.03280602822076
0,-6.78735055593226,4.88702978381847,-2.05988038755814,-4.56572970900996,4.81329846801845,3.00336299206145,0.674733101744415,4.61398228470438,7.91625099035146,2.72134754213415,7.3760285560142,-4.33218709449148,-12.0195844819421,5.25564070010584,3.8252721967266,-1.49788924810937
0,-1.70946319663942,-2.41586404887456,-2.81753140331407,-2.44477667193391,2.36255253271232,-4.22053648303359,6.03522896812149,3.19948238667158,3.3321632135955,-21.9938508672835,-10.7800494253099,-5.12472923286044,-1.09778873658678,1.32132489721495,-3.83901321244532,2.93907876695257
0,2.019538973063,4.51565082188848,6.89405734360213,4.72686670089563,-3.05025685051123,-1.6950177871539,-2.25880367624446,2.72245391275372,-4.60379648131705,-1.72286218222765,-5.28030404643483,2.67434431643094,-1.71112837276326,0.0213361713574809,-3.62378061848082,-0.478490626690437
30,3.66787706670777,-13.460803357925,-1.11373899805975,0.154324858626861,6.95099196223644,7.08415958180107,5.81055001218087,5.4911206213584,-20.2037179249463,-4.04518215695198,-8.98061206681324,-8.76085546631844,-6.70017547529938,NA,6.64450235550005,-6.43619408941378
30,-6.87280744928813,-1.19888730141828,-6.30362723676059,-1.76177822838681,0.96198667392055,4.84529258621586,-18.6381651477819,-3.26134379347386,-15.7120549705124,-6.48676465255614,-8.65287624450366,-7.27513842042163,-11.4488790386532,2.64072979211684,-10.3720553850587,0.123855994030378
30,-10.507927924555,-10.3130668171433,-6.40851633135574,-8.29799782658126,0.5658277412902,-4.36350260449352,-15.7698316124175,-12.8928094150974,-18.9664639553026,NA,-8.66902225256758,-10.6718132936401,NA,-24.9674153703156,-8.7848049081496,NA
30,-10.5514023337865,-4.27432083810716,-7.68529023516268,-16.8747473279469,-21.2911093373003,-3.93145573592497,6.58255842781289,-19.8169152077109,-9.64825196837734,NA,-21.2869521513465,-12.4063467130794,NA,-10.3686394003939,-13.215704655154,-31.0503311619647
30,-10.9669220918885,-12.2037954766758,-16.250209533614,-1.45916368587688,-24.2775602003368,-11.7608449151071,NA,-25.7313147686868,-16.8878378357611,NA,-23.596600718667,-10.2555669910079,-23.567509420219,-18.0015078979226,-14.1078945733963,-8.72990136269551
30,-13.4051958658967,-30.1822280485485,-2.0314035250013,3.48213401126494,-10.9902691004637,-19.1571865232725,-4.38103799911848,-10.9979923482626,-9.28205239171849,-16.4726334277122,-12.1160951146321,-12.4575435743364,NA,-23.6155899034322,-7.86208787574023,-20.816662709085
30,0.864146013866123,-15.9704739611409,-14.4772801272068,-5.5586303080656,-6.49920133822762,-20.2582944605651,-13.3871811885939,-26.8909957383115,-22.7234981397094,-11.9327681928056,-23.1431904142821,-10.449798544251,-5.86116619814794,-7.37924580277862,NA,-11.465708203282
30,-18.1155804687201,-15.7962297489736,-20.6944158112706,-13.1543814497858,-14.1621471987967,-2.99370383301777,-7.49828025587409,-18.8636696645126,-32.2783251906734,-13.7372402206946,-17.0362651618189,-13.0355030810037,-17.1423080809561,-17.1313502613519,-10.7434796695013,NA
30,-13.4991587138763,-19.3108497115325,-16.450596088422,-12.5471568633646,-21.4537094796441,-10.1571748244742,-23.6339976767206,-28.016187361996,-29.6047591834428,-17.107109502888,-23.4021205751031,-31.2656542552572,-8.08915896553573,-23.937784131595,-19.087910999479,-32.0836181853207
30,-8.22269593990643,-8.94408231448804,7.00639946207135,-10.7613728758854,-24.8458795889766,-20.0050698618504,-18.6141492173186,-11.5443886553961,-18.4057602517357,-12.84176639111,-17.2690435483397,-29.9885064418113,-20.5814548116006,-4.68223775707047,-14.3099485442076,-18.1892842687269
30,-18.0753775536527,-17.7177348591985,-18.4110877472736,-6.04164408848936,-27.3412466194606,-7.45791764231683,-12.2953238010885,-17.761291931137,-21.2060610626334,NA,-14.6792961312205,-30.6144417437183,-18.093345868691,-23.6897617088616,-4.81636101854025,-25.3964549154253
30,-1.86820292638933,-19.4079308564709,-6.21167644700377,-12.6002631806731,-21.1893373988421,-16.1409820138781,NA,-12.9093836624291,-15.0867523920598,-26.309244907489,-11.1173572628932,-4.13068392948504,-1.85032478870473,-28.9948908610706,-6.29591284448154,-14.8369641125537
30,-14.4189621871354,-21.0103365239918,-34.6054508582795,-18.657263267015,-26.8332494137939,-9.44457961805667,5.78032072436075,-15.1278598999035,2.85619435847368,NA,-5.06968258732861,-18.4687539038011,-22.3818102988208,-21.2179331624486,NA,-22.6963065450652
30,-14.4169103060818,-13.0441009238772,-20.3198314793831,-23.4166768365819,-5.39273840484643,-10.1829976536317,-22.0401142458312,-20.6337056044997,-33.2741333120344,NA,-7.07827402426715,-23.3912696013569,-17.1787945211688,-24.6882815586598,-22.2093022694934,-30.5078141026228
30,-5.42067039771214,-22.7201746745111,-24.4964989381044,-5.8733581579969,-20.8333871921727,-21.9447801139319,-14.0622102459973,-23.4797952253285,-28.0818464980673,-27.0502809557126,-17.3309189165691,-18.8922429016607,-32.9117199433913,-17.843175266878,-38.4895671448649,1.83789269042735
30,-8.42550983123135,-19.6582143921376,-21.7110480558121,-14.6653265932979,-20.7762149840816,-20.0162534867643,-15.0912809040089,-14.0580904721999,-31.7558550031177,-30.271496083665,-20.3816547057167,-27.76689819252,-21.0568777983893,-1.22546471846794,-27.7977991652157,-17.2925927773604
30,-16.6033200838141,-3.80317255031152,-22.7265811314343,-8.28605565224844,-32.1785703975343,-18.124712242561,-21.4081060712968,-1.41724593315518,-28.8063114892788,-22.1932352170406,-22.3269061755929,-25.2808081285813,-19.4114151343142,-11.1035067715247,-33.2362129169701,-19.2557116923751
30,-4.87883500381666,-18.7732468137668,-22.4165678470855,-3.45820678794681,-19.5357096060123,-27.6768614569601,-20.541922383965,-19.4970672769245,-30.4094792604052,-30.1173233802089,-21.2579526558217,-27.146405928518,-25.210998860532,-27.6714646737659,-20.2805449306723,-7.32062230174796
30,-16.1718983327674,-12.7778118883878,-9.66146547345469,-14.7535417716719,-17.0876792398284,-17.6527681544591,-4.77813206483777,-20.8736764282659,-0.0443173775954646,NA,-20.0600850393329,-23.1129034984863,NA,-18.8758231211397,-32.009851907614,-28.5178014795339
30,-16.9701841502069,-24.8384870545722,-13.459556455671,-6.52929280764269,-20.2371415944914,-20.2382755999811,-1.03537353594514,-27.5815666916708,-17.1941573185843,-21.5014365473007,-8.3773132052611,-24.0260609338546,NA,-26.367181122046,-17.4025020772923,-24.9284362036735
30,-12.0975746630523,-22.6062959004308,-14.6626992030476,-15.4438500034058,-11.3377140720621,-21.3704122670742,1.48360997149789,-24.8583544715543,-18.841150015368,-22.8114930911609,-2.52455465439924,-23.5277285178271,-7.10116246265674,-14.676276531772,-33.1785219537632,-29.8232662616874
30,-3.01873918841013,-28.2085797739986,-12.3843578286625,-8.61740716483973,-23.8757269964189,-25.2550909899594,-5.03135402714257,-15.3325458852585,-21.1745811513658,-32.9362814765865,-10.6466825270487,-26.1278695920574,NA,-8.18294678661895,-31.2743346417625,-12.1948132997781
30,-20.5139350393486,-19.7297916327398,-12.0740439511319,-9.56941126861466,-20.3433788313146,-24.6852384417043,-19.4829007360757,-20.9030199830227,-15.339733657948,NA,-20.6798179748665,-20.2611250630779,-13.2778144580058,-23.5103619147306,-14.6151568334846,-32.8444909622846
30,-7.73284933158386,-15.6322953120641,-14.845183147286,-7.66895860399313,-17.5009383367183,-6.99889536161551,-11.010366148855,-18.425523188693,-29.373707959239,-21.7027783577791,-17.6319403370495,-20.9693174069984,-9.29025983830228,-29.8246921377582,-27.2740514886734,0.190087581299742
30,-4.56436124061154,-12.8835800003931,-22.9616293383552,-5.4075175038894,-16.8276579995784,-23.9564708292655,-32.8750827050454,-4.87666314651299,12.0961404338221,-16.7764876857209,-23.474678417512,-20.6445953335229,-13.583694129683,-10.1668329345606,-36.3450211875956,-16.4610551415617
30,-18.4372590099582,-7.02963700800441,-5.25122934137686,-17.0109290449757,-8.73692096097769,-25.6404450388675,-8.07841725361257,-22.7977109569051,-57.4399675658888,-13.9026947589624,-19.3506066908893,-20.458863580289,-23.9577975539732,-33.3071968738271,-25.892903507505,-36.045717720367
30,-16.1458580726566,-24.8872828441548,-28.0405020097519,-5.91617788779682,-23.8173232633033,-11.6287110079183,-21.4590102766406,-18.6083986379869,-11.0538569150598,NA,-23.5681049497815,-22.5774081322173,NA,-21.6424296983361,-13.329030957105,-28.3554724563513
30,-9.15479663378251,-21.7947949083244,-19.0241472928344,-19.2009687295027,-20.6306559751875,-20.1065484049144,-16.9248070569621,-25.0866790492517,-20.5677427888325,-17.2551336835261,-15.1201048073675,-23.4611926189359,NA,-24.586285408145,-26.3874825147926,-30.3576866546875
30,-17.4063713905032,-24.9095860488934,-10.2927516042505,-16.4614824412624,-25.6409757505248,-19.3140770463438,-23.2353433355192,-28.7898612886433,-33.4948121298752,-16.7240214977527,-11.1111813322621,-17.1689512868122,-27.1202257568041,-24.5670652227853,-2.52304198827679,-20.9961558770268
30,-14.337543375044,-17.3421222823335,-21.0592597241794,-15.1835298225596,-22.7529921278148,-17.0591574359645,-10.7639005036359,-23.3649517311613,-20.8321181582783,-17.2165807933431,-12.6830859841965,-6.00217871545915,-21.4022956570216,-18.0377129937219,-24.801948338086,-25.6186332062035
30,-5.49661978527766,-21.2237284847619,-18.8745178147585,-13.989291788719,-20.9468003551026,-14.9980196049451,-12.430944528012,-14.7847253804866,-25.7935853263209,-30.5979963623377,-16.5758344713785,-24.9537520150549,-31.5522895932086,-13.5403391698957,-31.8492545773372,-7.23424404002408
30,-16.6809997766405,-17.6249998825506,-17.5853608454758,-15.040074298755,-26.7886909725899,-13.4050069462246,-22.4205467493734,-26.3857448570801,-20.0350030174904,-19.6661343813484,-12.3591213584938,-21.7108949219449,-32.664149094868,-16.5121295140255,-24.6380436149626,-13.8497690559776
30,-4.61521517975744,-10.9271678947161,-22.3470613307312,-3.43701900700746,-29.4057334475931,-17.8076679131527,-21.444860843317,-9.9876493574052,-23.0302895027313,-32.0404263660689,-15.5018231138871,-22.8837275052826,-41.0303241272935,-8.62274807357853,-33.4074926539037,-14.5353307118229
30,-18.8149855230285,-21.8850385510258,-25.869009235419,-10.9053232577281,-28.6904356169062,-19.1597066357275,-39.4039355992536,-18.3301945819598,-19.8671863039854,-20.3252874615228,-15.1523576395026,-27.0871120048732,-36.412823273858,-17.7071015337145,NA,-21.0145768851091
30,-18.0067538574925,-20.5580159677572,-23.7265194256018,-6.71268914095804,-13.0933302250256,-17.6416949895114,-14.1402064922303,-25.8213065503317,-28.8849650147833,-21.2372157119038,-17.298104226651,-18.9929403726248,-34.2307993213113,-27.4543517259733,-11.2774201364091,-30.3277270806947
30,-22.2103950013365,-22.0423677462485,-16.9921031111503,-21.3783228869814,-28.414352955247,-26.7310924572059,NA,-26.9634715850608,-26.688630627981,-20.3769198898502,-19.5605600394946,-12.7811221138448,-13.4953166404992,-26.0637045211629,-20.5847202810815,-29.8796136288407
30,-15.286349271233,-15.3028546009956,-26.3729728004841,-23.7391340944776,-27.0138104594542,-15.1734522190282,-23.3801794865859,-32.1161646655231,-30.1478165469009,-24.5716295746369,-15.2739962893453,-20.8425666836514,-17.1188637498589,-28.3471319910003,-23.9664748002253,-42.6671170858797
30,-15.8351846972604,-24.330878122359,-24.2543317930179,-5.18469694785198,-28.0705508962554,-19.5944771737214,-21.1462839822922,-16.9801616955998,-23.3207073787227,-18.9903832018244,-22.7838023602966,-27.9385984398017,-18.8016994975621,-26.6214235595043,-26.229393133868,-14.197871025374
30,-15.5903263591874,-24.7000425312736,-20.8167809951522,-19.2645083228042,-12.796206586172,NA,-12.9845544945587,-14.4376462737538,-23.3706404283157,-10.9331197171792,-18.9783511320187,-12.4195945908076,-17.708552115552,-25.4308798722796,NA,-28.7712637701335
30,-13.8462550840988,-20.2581617925022,-18.5401920624318,-19.8128417927441,-21.3236146434118,-19.8266545559486,-16.6976286444437,-17.6676825345064,-15.9115802114854,-20.0745178950274,-20.3067035279582,-7.83692512427768,-20.7483252753759,-24.0441227773655,-35.8595692591509,-14.0994591683356
30,-12.9305005334982,-21.174511210212,-21.7319066345559,-8.35469806565855,-30.645724978058,-28.3819600317344,-1.5144967619898,-20.1099434568466,-12.2486921656859,-17.1627829518171,-16.2328396708222,-22.3106023580073,-21.1001212895832,-15.2518714840133,-27.432786001226,-14.9896709358719
30,-17.6123838549769,-18.2073450084256,-30.0298839922786,-22.4594113071111,-29.3284807210296,-13.7078848006722,-12.2234012105548,-27.6724232345185,-20.5009065495195,-15.5092807126597,-26.8601927562132,-16.7545403579642,-29.0804477844559,-20.0251717082667,-21.6907068853803,-37.4842042447672
30,-10.5975058586839,-17.533954473347,-23.2262045707213,-7.74948169198231,-32.3655773399837,-22.0741248944875,-22.8845731205973,-19.7015970400624,-18.9088660080719,-24.9689611697359,-21.02695394859,-9.13701588677034,-24.5673739300732,-4.16295039621286,-26.7015079312866,-12.8134530923626
30,-19.9798432023674,-6.62143852331452,-15.9352627499965,-21.8972560915225,-23.4777207068892,-15.1089325550927,-3.16756336723714,-27.0546934586489,-30.1454806715795,-26.5341644486241,-11.8785454797519,-16.1289434064008,-30.6563214241629,-22.4289393588061,-22.9176754155569,-33.5964018014984
30,-19.038200909868,-15.8926657262193,-25.1537966275924,-27.4155580520814,-28.6520947832074,-22.5408316850082,-19.7115640457109,-27.8476396594511,-19.5345023148623,-17.3682392721792,-19.3365483416289,-20.8316382261004,-28.6876895128007,-21.3969681559418,-17.4495358366962,-29.9941731799077
30,-22.101642314309,-21.2096757790425,-21.2012669306197,-16.6672295237599,-25.883760749274,-18.1489883346759,-22.233235187404,-30.3929995934444,-17.8727766367821,-26.7842376870317,-21.9573141901339,-12.7105009799507,-27.6750428984585,-24.655494259252,-28.2500226946406,-24.5406257062613
30,-14.4400434620936,-26.3666842466111,-22.0988380581426,-13.8034252619602,-28.143080217354,-29.6206470510541,-21.3223948544701,-30.6959084010145,-25.9921193296109,-19.2750187728736,-19.3776741693564,-21.0937947065908,-18.7927603955324,-12.7386287150651,-25.8139667224437,-4.561351836764
30,-14.4576605158172,-14.2189081597451,-23.8553912496433,-16.4442108502584,-27.0957863101688,-25.5114620211488,-24.113957131606,-20.5958672809725,4.16482011147907,-28.5489746856412,-15.9990463517687,-20.4463547824412,-22.6013098409618,-17.87623383854,-6.54150263114757,-13.6397375552748
30,-17.6394437699331,-15.1185424581628,-21.0522245923673,-11.0757438840049,-28.3698652729718,-25.5147738739399,-13.3170518566861,-31.0642506492191,-21.3939855418069,-22.6757748754259,-16.4834024673802,-22.5326824256544,NA,-26.9047922173386,-18.2645118187672,-22.5261456248103
30,-25.9334851313719,-24.1746646483042,-26.6304940967222,-16.730435548305,-27.9063560924106,-24.2299665983509,-17.6923001440698,-21.2958567468365,-28.3756929159946,-15.3291875445206,-42.5897972900376,-29.2430693268417,-7.90369836224338,-30.3440863082057,-11.9469815352504,-32.2659030075323
30,-11.1020089036091,-11.9362218167873,-24.0885182655348,-7.65996825310991,-28.7548246984402,-25.6926145177793,-16.8267062649624,-21.0678362663365,-20.0102317470862,-14.7561624479597,-17.0569873293571,-17.0491823081313,-17.5805117185135,-19.8496461413493,-33.1859237201105,-19.9856048262865
30,-15.7748161122917,-24.8733142227174,-26.5148338916187,-14.1911270579185,-33.6855418271066,-21.3450311083377,-22.8842992650956,-24.0561628225641,-24.7850007144193,-17.061503311772,-16.7308194880045,-27.1122694963497,-27.0030136654166,NA,-29.5363343085089,-24.8244898740458
30,-22.5505494244067,-13.0011606108918,-42.0429354492608,-19.7753199377642,-17.0835498328762,-17.6930710364797,-16.4728373213658,-30.7198891457448,-26.7201301360446,-23.1877366315216,-10.7747686617155,-21.0091787311273,-30.8743190134861,NA,-21.2893674273284,-30.031943221652
30,-9.27308778710712,-9.28308707174727,-27.4893645910252,-24.8479399779134,-16.502987393542,-22.6017501890048,-31.0303579746564,-24.8644599575552,-28.2029988586544,-19.2973811717133,-15.343798289225,-17.9864003284545,-25.8520642434856,-29.4981717818784,-26.4381315067918,-22.9093897426677
30,-23.9595544114878,-26.9289802676544,-23.2981677538822,-25.8335559488281,-30.388913177374,-20.3852167671257,-19.7554981303229,-29.0087654146468,-23.9246662957088,-23.1446493205517,-21.2300273723503,-24.5683992574199,-23.5631028766901,-24.9414136825175,-26.0583706592686,-20.3714572522608
30,-16.9141054597082,-19.6800295966545,-25.0206375768671,-6.10474832950138,-25.1297671780927,-18.242624883914,-30.2922395396473,-23.646540269137,-22.8012272161819,-28.7414378361365,-17.6521133179987,-26.2758728136444,-31.4421523331336,-15.8293702680564,-27.6349161919276,-2.85834839677504
30,-6.19594411962911,-14.097110825114,-29.5855984320118,-24.621655062465,-21.1777595886922,-25.5631111967287,-39.22058834488,-15.3430546802789,-20.0895395675556,-26.3350574816623,-6.21871536541592,-13.4886750951292,-35.3255091549264,-19.7294797576637,-20.8019793698392,-11.3642533043582
30,-21.4378377938166,-26.7064194308116,-30.0336828533039,-19.3228790443496,-26.0072564809763,-17.2481310081471,-15.5134419481733,-30.1252883671516,-30.8345426722532,-23.7229825862694,-8.75209083924391,-24.5491015987866,-35.3126441698006,-28.0696434496955,-17.0553612669593,-38.6475454682979
30,-17.9888756781984,-11.4074046346298,-17.0191944374334,-26.3791675221837,-27.4921767670941,-28.1627441797572,0.20272347901104,-20.5363034929349,-21.5236167276273,-26.1535121772323,-18.4988632478289,-22.5648640804795,NA,-32.3115145911947,-40.9035626831122,-27.1152999900239
30,-21.3434719426417,-27.4058804778894,-24.6530568210482,-23.5532780272024,-28.5199524371005,-22.6496873883635,-16.9775615422543,-39.00549454876,-16.1875450361948,-19.077080162485,-22.1396721398038,-30.9705436255606,-25.349406280832,-27.4837969032429,-25.0666040871193,-25.7852982948743
30,-14.7325517944519,-24.853172087037,-27.3877468947239,-16.976447487911,-31.2759893980114,-18.1629204021694,-11.5298400303519,-27.1603586752915,-17.9443978642782,-21.8193273203263,-15.1357746003572,-22.6131012423238,-25.8350950695781,-22.9530330846527,-11.5057579941423,-27.2125291593127
30,-13.1468208388832,-25.2904901460701,-24.1004681646028,-8.74351856398585,-31.9425029774297,-15.25580351628,-5.44137034236476,-19.6430354069626,-30.7248286785174,-20.1850285744825,-20.0043218302449,-28.2348875279828,-12.5252550061407,-23.6884712021986,-27.4977248245702,-12.3267245895183
30,-11.6497961011612,-21.9445217078165,-23.2723090609134,-29.7810195109215,-31.0342462091091,-28.4743613443266,-27.1042183439767,-30.0676658237796,-19.8993525103523,NA,-10.7655952161076,-13.7438400794326,-29.5510509173681,-33.2359012455208,-10.4865984240456,-29.4322475059015
30,-22.0727577592326,-19.6516115500609,-29.2425960246617,-11.9825845702276,-26.9753958288047,-16.2935353630905,-29.3819220070755,-33.9848915081621,-6.68623326619986,-24.2915225234834,-22.4940384437174,-14.2225358238952,-11.105370591779,-26.7191277928325,-27.8492858036189,-45.7024960144325
30,-11.7968100922622,-10.1135910627713,-29.8480423622609,-25.6563276092724,-34.8404266620578,-21.4580752583066,-24.4552850190159,-21.3347016972831,-21.5449302538418,-30.0579232876983,-26.9173835474442,-22.987867524905,-32.0441460284501,-25.0090186351339,-29.3535441151658,-14.8395090070543
30,-26.0678692745223,-19.3950423201257,-26.1006111943885,-28.1479994129399,-31.0985439044797,-24.2962571765836,-26.0468266435737,-31.0272930598798,-19.2247104687186,-29.2519376486826,-39.4908609590746,-7.42087591539674,-19.3083791661882,-27.358230482478,-30.5753085369405,-31.6254342495076
30,-17.2787573056528,-25.0710803423795,-27.5995545222065,-21.0664059817389,-10.5616921830602,-18.3866455474636,-22.2040206639062,-17.3121247170554,-31.0889942632336,-28.6136704147628,-22.6146814379461,-20.2309849028709,-19.1479054754425,-22.6666275846456,-16.4791654090576,-25.5588417801089
30,-23.4131959177305,-25.3837995366364,-21.8738261837329,-21.4556569175399,-23.3423395077378,-23.9046654283232,-6.01178277300882,-27.0214682619866,-24.5469089997713,-23.9527025019601,-15.2813679161932,-20.863902999229,-19.5682045709683,-24.2250080958907,-19.2453766123436,-32.7546216266488
30,-26.168606125361,-31.5978451993822,-23.7660172567476,-16.1792229774341,-20.7341493544402,-29.186316707122,-8.98628402538617,-32.0631384166084,-22.1812754492654,-25.9319987216006,-14.3290337613511,-26.659885507607,-26.8274858145481,-27.6383521935308,-35.1441888506069,-34.6935366738083
30,-22.5203318571053,-18.0278884756503,-24.1847439519699,-8.16115838059957,-24.7354194957019,-23.2252970012608,-22.6912518691709,-31.793523093685,-17.948678533978,-23.0558091823616,-14.4611752105279,-6.07887600842339,-23.3191088006203,-18.9873053257767,NA,-46.0691389497827
30,-10.8824835260003,-28.8456698170658,-10.9422777760538,-14.5112265459754,-18.9003507860233,-16.1655616944311,-1.07764050871411,-21.8469624461031,-27.9832195331053,-25.1293308638188,-25.4664031757879,-24.6871127501843,-22.258918930989,-24.2079994338585,-34.5933721844414,-9.86608865511912
30,-11.0725483875287,-19.1915379271714,-25.2994432861219,-16.0893232432841,-25.9719911444606,-17.1670867777282,-16.2584750214132,-28.4120436921716,-17.3450779547483,-19.2388207326668,-22.9519921715265,-22.0647463023379,-33.4377830440196,-20.7392810157353,-39.0061336894316,-17.8141956875034
30,-10.3264283295353,-27.5583313553981,-14.7548323477731,-16.9328112016619,-24.9659248431728,-27.3411634134494,-11.3240870836057,-26.4117461837294,-25.4238034416867,-30.1445523244075,-17.8097633557127,-29.1706239845664,-24.4147633358642,-24.5646846167121,-29.0469196270532,-22.8949217179067
30,-6.96129655473475,-26.8879556225621,-32.8748279466773,-13.7003460309969,-26.9508529090881,-18.4170250852082,-30.9311629370771,-26.0585306936997,-20.4369264455388,-25.647258410933,-24.7537802677365,-26.1350111293688,-19.7053493586056,-14.9699594501467,-29.8796059875032,-19.8888180320908
30,-23.862910383873,-11.3274793189887,-22.6050537505995,-21.2626267023171,-26.8982301170491,-26.1574763193711,-7.17135280054776,-33.3154515760386,-26.9351691841669,-21.4029763504542,-29.3925425222181,-16.2725804567414,-27.9985561508554,-27.1477090114247,-27.3114233223197,-33.0760044644001
30,-28.5518650355424,-19.2157469972277,-21.0067730137004,-24.1141374900203,-25.3039014796518,-25.2726963354035,-27.7123001963755,-30.7587846164642,-16.096567991903,-26.1669891542807,-5.79035778794068,-20.6163181453531,-19.6219381978594,-23.7913536131704,-13.4575804101027,-26.374600421724
30,-24.6187753398042,-17.3254659254107,-26.0609778181828,-28.3719956626327,-23.5518004499972,-22.7967066334934,-29.2561615033123,-26.5721250086422,-29.5943849269688,-25.338490489268,-18.4472340206123,-16.9423132565366,-24.6903427580403,-21.0699227017104,-29.9440006315589,-32.8703681645936
30,-15.2698377698095,-26.2181637497262,-19.0846771442558,-22.7989079604332,-27.4458318380466,-23.8449361143822,1.55452582466619,-25.3587068670225,-20.687317369867,-21.9256199760604,-28.3679195733177,-18.2764370900922,-21.4157471462471,-27.1428745555252,-31.6113600169782,-13.2628624059388
30,-25.0544334868963,-16.0816813583014,-22.2219149893784,-29.6785746601876,-28.845339293326,-21.7867402355158,-29.197205161166,-31.1685162678369,-17.0937797007418,-26.3555993730579,-22.6036170076185,-20.5519538601673,-25.3101313203519,-34.8961003707445,-22.7169712486206,-37.8221387509371
30,-17.7700525606675,-27.474138141667,-22.3268779873143,-17.1643562058838,-22.4781963613446,-32.8627348272238,-19.1301682950078,-21.5663053139252,-26.3727364269457,-18.8303280837058,-20.7005886174881,-31.9421501368748,-22.4819555384697,-28.3310588865766,-9.45944820075144,-20.2110806594849
30,-24.2799164143417,-29.1417416146524,-32.1011743756443,-20.7765103855004,-23.7107219198642,-25.7868196170094,-11.2265999585948,-33.3366035641417,-9.8940807296683,-27.3009904835582,-7.11873888713145,-26.7060524239049,-23.8202228627708,-26.3280843349549,-14.1393086380181,-26.2183000328713
30,-32.9446030151668,-10.7241698656202,-9.89202455182483,-19.4398698122046,-29.4232240803862,-26.4527601386641,-6.78597512916401,-32.0503311025,-24.2279433020747,-25.9903550092627,-32.3408307208085,-19.6496058070932,-30.8203428907693,-32.8796761280936,-35.3377768801788,-31.3731826356012
30,-17.6117178409951,-30.722109112344,-24.6532842774378,-18.1156322111978,-44.6387504059489,-22.3204872525357,-25.0097802757255,-26.344286929174,-2.65274461426421,-16.1257516196972,-27.6423759324369,-24.4686747115647,-27.1135299440266,-29.1898898011352,-31.1684199580083,-19.374634829469
30,-11.6808764536182,-16.6011253833818,-24.4994075882397,-24.4660592243097,-24.4926170478141,-27.1651422518455,-35.9068003021123,-14.1187181839181,-26.5051631887664,-17.3026945969231,-26.0261671768731,-25.4024962826957,-36.6628969433425,-27.0811205988977,-23.690438188152,-15.2231452040353
30,-11.8671459625213,-19.4747347596149,-25.6109552343428,-11.2184285258921,-27.3033533325103,-20.1973130818819,-28.2822812397656,-26.4865378741956,-20.8090643850984,-17.6565620304568,-23.8031829482492,-27.9999291408074,-30.3186542488987,-31.7160392293808,-24.0046051719528,-13.4313973014843
30,-20.7528287179157,-11.8819061669769,-20.3451005713508,-13.9902410880353,-21.6644612953557,-22.8516893455498,-13.5145318305659,-28.6576159846034,-15.9175896719974,-18.0798002720989,NA,-24.5536204901365,-20.1982087280226,-29.3173305150111,-25.3889152875235,-24.5927477983579
30,-4.26808502945486,-24.7101750903283,-24.7980459199729,-13.4614785105718,-23.9613378902492,-31.9753684204769,-12.667341865868,-39.5884551218314,-19.897824999761,-31.7994502055163,-12.5196164424562,-28.3817823827091,-24.5880189515493,-17.6172495939663,-26.2717336323332,-28.2044846065484
30,-29.0015474568156,-21.2041865390492,-15.2602065060557,-17.6718593128215,-13.9216298258155,-27.5244775586221,-14.6618857646866,-30.1229117849645,-18.2017482940345,-21.7980273233496,-15.448009775036,-22.6652350683285,-29.0099267165202,-30.4979103748606,-22.3601268839785,-31.2094117114776
30,-26.4325142905971,-23.3197891352265,-16.6277644259241,-15.5400756334038,-23.0762363520274,-25.4732821263072,-18.8264537393117,-32.6236565869281,-22.1020992203338,-25.5513696732329,-20.7938971288504,-20.0255192650924,-29.5818634029004,-35.2852878778971,-22.9217037563605,-29.3832628262066
30,-15.6516021271047,-15.9230512898378,-18.89481451206,-19.6317551375393,-20.7479816372307,-23.7028287143061,4.03434196713976,-21.8801283240743,-14.9687143092069,-29.0489149372284,-11.8904225897257,-27.7271262339562,-22.9365842062507,-10.7717679570408,-25.2619538977805,-16.3063068920231
30,-27.7924960896645,-25.6926137416792,-20.1889076100199,-6.94490070012719,-24.4567838066421,-28.2963720787039,-32.5992726412662,-31.5796081612561,-19.3979161177319,-22.4707500103316,-16.7827664229031,-24.4310363305688,-35.6012783684012,-33.1291788054333,-26.8888244614218,-30.1010802498243
30,-17.6829710898298,-13.2123506466186,-18.2532337103718,-9.43112867691563,-28.9600673575576,-22.8131557687479,-41.5787478483238,-23.0638731316951,-22.2878731343059,-17.3715912610602,-14.3932118790307,-19.0833152359732,-26.6951098465368,-31.6384473397027,-24.0484972616965,-16.336673736399
30,-5.10152462327561,-12.902935378512,-30.0009219472833,-2.32221394353516,-27.854688250509,-14.4788394019021,-33.9096349954438,-28.1090049672441,-19.4661070052093,-37.7918281805152,-19.6815173615506,-15.6619420288648,-32.7088459108464,-24.7551629482216,-27.8732665700025,-16.4079966772624
30,-9.15455698004986,-7.72956984296976,-26.7508084413321,-16.0759551666343,-29.9953205588964,-24.6000136575394,-29.1856207403633,-34.2115548901244,-22.2508310380138,-34.7799137395678,-26.9641828685249,-20.1108699514712,-26.5316348909766,-28.8948458230028,-8.14105850769711,-24.8421461678078
30,-28.9595795417843,-28.9097192512283,-16.9203609253095,-23.8122694302901,-24.4072877962679,-29.1102315137949,-2.83812300264015,-30.836687439213,-18.6041106948084,-29.2127095185646,-18.2341428771724,-24.1360734386348,-21.3807516588019,-25.7796841964301,-36.4501985293181,-34.1127463050476
30,-21.2848193961139,-25.2647423515642,-16.7398307772667,-8.14840575994636,-22.7456499739768,-31.2459145735807,-12.3973781157275,-27.8256021412671,-9.89404476783896,-24.6173040044896,-21.5852456899003,-29.4232995056919,-25.324359558986,-36.6111366442318,-24.1719462347055,-31.469005811073
30,-29.12980988787,-24.9054752988091,-5.34232641743865,-9.01740309832255,-33.5364158639821,-28.0087586243572,-16.2172283172263,-35.5589070295156,-28.8445457039789,-25.5972581135896,-24.4325142001448,-33.6951323052789,-24.4976817928629,-34.0618374840534,-34.873484098425,-46.1281944852833
30,-12.5063284733872,-26.7879736114446,-29.5769466933779,-22.8047287322346,-28.5649161092243,-28.0639450606857,-27.3030018701376,-17.4864097019419,-12.1949004502535,-28.024907411396,-16.6486072738119,-23.1215975615846,-30.2993264957776,-27.4959476537965,-19.4984954149066,-17.2428915082532
30,-14.232126841154,-13.6925292354094,-20.2098520017433,-15.2967652553956,-33.2574683261107,-28.3512403920097,-15.2778116107687,-37.0208294381398,-8.2752530193218,-23.9039004194859,-17.0637226781831,-27.3990833261236,-20.0657838364741,-20.4227542562264,-33.3299901934067,-39.6586625637871
30,-19.8708724483361,-25.5250842371236,-29.4757042151598,-16.7192431989091,-29.9921307938213,-8.53072868646855,-26.1325453004901,-26.9000527450565,-30.0874238114065,-22.7397062631547,-17.4807316582387,-21.442053441095,-24.5259757569112,-29.7829623593792,-20.9011650601465,-25.9267355655232
30,-12.6992581650667,-12.9500944502184,-22.0643261274686,-15.3537680909964,-19.2654202887062,-26.3201116826333,-23.8841401026678,-21.2938553129459,-16.3883145797915,-27.8347495261175,-15.0146566173831,-32.8501830919914,-17.1242772475958,-16.4322866583555,-29.0381753935529,-30.8818936643603
30,-9.99160841096918,-27.1818144009793,-25.3048534463139,-7.6380573868796,-31.385978467982,-20.0253437026159,-29.3100014750582,-29.835457464293,-27.6826047348195,-22.61973550771,-22.9219644896537,-31.7657073794999,-31.503659618891,-3.02386887101972,-25.1262409211361,-23.5120958373341
30,-32.3033965464986,-23.9077985960565,-19.6253662892913,-19.2662520703644,-22.3139495152676,-24.5814550788747,-7.74886539880555,-33.0273127707852,-25.5243585909805,-27.2333029241484,-18.8460772712845,-22.7285944204057,-27.2468513652657,-42.1090342658163,-24.1262878662931,-36.838452013896
30,-21.8144078641915,-29.9536844598148,-17.2894588597502,-16.0563449336833,-25.0360835410485,-25.3169753616697,-23.9628150964098,-28.6571998315119,-16.0087890732855,-22.7740145660117,-20.123253573282,-28.6043618527153,-17.0580966417677,-25.9117559001679,NA,-27.1428062682513
30,-25.7196026509645,-20.3993278464629,-25.9783961466977,-17.8534857892653,-26.0266799682904,-17.3271168405439,-23.9124465489475,-39.5925977396832,-23.8020535481843,-25.2107189312004,NA,-21.8437998208493,-23.6192469983521,-32.1970195312688,-21.8618832461676,-32.8248266434564
30,-29.3430494742478,-25.1419685199307,-33.3972316994917,-1.66251938874754,-29.3415029794336,-32.0827415495682,-23.8145666599311,-36.7398925458707,-24.9610373774567,-30.5484128225727,-16.0129712128239,-29.5680687318012,-43.925315138045,-27.6096185889445,-34.8674395872803,-31.6117521432688
30,-16.4506068928076,-19.4988975114805,-32.1245617605584,-15.4721581803568,-36.168930188742,-17.0422220096436,-16.9916336425527,-36.3580348809243,-18.3881068478887,-24.6679361039972,-12.6938947069542,-22.0977093597306,-29.4069134342781,-27.9947591918006,-13.0660215877813,-37.4152608861657
30,-4.73433339729281,-30.538703784065,-27.8751339299697,-13.7907721124013,-21.4582075755193,-30.4235480583366,-7.19926952586578,-34.6042630202882,-23.5239059867536,-26.0331836757414,-19.4677971670709,-33.7226050802598,-32.6416403449151,-33.976702653973,-30.6110443662645,-11.2216879443484
30,-4.44433982844552,-27.4841123577391,-26.1320509712104,-12.7563161478765,-32.1338530041028,-28.6954115176705,-9.81276790066735,-20.7209547680396,-17.3549000381236,-21.1416619530086,-16.97203497132,-30.6598736751842,-22.4762251039666,-21.0425048933137,-22.7056456112279,-24.7900523233802
30,-22.3000461914283,-26.2539464930541,-9.06359801249879,-4.75988358128246,-19.819751968526,-22.0680460987226,-19.0507832211185,-28.7213530413093,-19.6355144412826,-25.281714409413,-0.392795862222102,-35.8325880267236,-29.2294289735991,-33.0059828269249,-25.5274640658067,-35.9523363681932
30,-7.74719141279934,-17.6792895523667,-32.6170933501614,-25.0226066693051,-24.9656259951139,-26.7054415421159,-26.669017043129,-19.9844170400538,-21.5923636549181,-27.1662250396583,-13.4227573126837,-23.1914117730129,-23.8754238636201,-16.2858119973146,-22.1611246349525,-23.184977111292
30,-18.4157152167279,-18.0745219266423,-30.7560222099994,-28.6719501394733,-28.9459596508712,-17.4843393717635,-28.6348068115185,-33.3089102503617,-30.0662505909517,-31.1672817041596,NA,-17.8534224750717,-15.9439886556527,-30.7315670246494,-31.3544211726746,-34.0097632838689
30,-4.71530483518138,-5.28621040569508,-25.7335661181252,-24.9740201651334,-28.7125115016991,-25.986422210967,NA,-28.135825879169,-34.1435113964444,-18.5433317114119,-2.56220329611386,-18.2809157624762,-25.0723142282677,-31.0197660681301,-33.2177017738508,-27.3504471138435
30,-20.5692554354357,-9.0095896937034,-30.3321376627626,-23.412953704313,-25.4112271758591,-6.61633941730013,-8.00909664632128,-30.4788140872871,-25.1871538889519,-21.4952191566411,-20.2363777376489,-25.0164187217054,-15.0165434136326,-36.4177857102526,-31.3134322765919,-29.044088308031
30,-14.4614690094356,-29.8762672773009,-27.4436371097209,-16.916908317209,-27.0739240169073,-26.0323011818759,-32.2894288840192,-33.3145606481346,-27.139245478845,-31.9039058045989,-17.6173744478716,-30.7537837964124,-28.4783739033715,-22.9598612299982,-22.6836931041123,-20.3150153753972
30,-28.7786468633476,-27.974483022883,-15.3856202982999,-25.1063881736208,-29.0868061252614,-25.3960195528544,-19.0995072500155,-24.9538236086018,-21.017456922475,-28.3083755764814,-13.2598717936253,-25.3983314616796,-15.9343198015698,-32.3091522919541,-27.4596939898644,-34.5156587463182
30,-28.9311010040988,-29.0686473241506,-25.9137891170544,-16.7988066000888,-21.9771619941847,-21.1279975634335,-31.9162999746769,23.9789953100705,-22.3626924495857,-29.6920751341484,-16.8616112997498,-30.421909742675,-27.1454865715356,-31.3877051919048,-22.7141097030374,-36.3671680178349
30,-25.7890676237216,-16.1213896088886,-29.6350737460659,-12.7200609964701,-21.4964427098488,-29.792723242447,-18.2600389689623,-33.6607228144403,-15.4861934411945,-26.8264180012226,-8.73406725367792,-10.6911182093379,-19.9705126850119,-39.8979695868724,-25.4186888075143,-37.2484103088026
30,-3.87869928118327,-30.7924992415705,-26.2464716797708,-20.1738436591614,-28.1487328250451,-28.7130752332775,-27.9919941001357,-37.7050269759553,-30.4109373872668,-23.2160284666115,NA,-23.7990125439506,-26.267248490007,-33.3839915510833,-29.5632251683227,-21.9852833822521
30,-9.53667206514995,-12.2776964222676,-22.0515749773426,-21.847910078047,-30.4411289227383,-21.891005578265,5.87590437465964,-27.479152036954,-24.7530235215127,-29.1045586375672,-13.9522082115321,-23.5955980783662,-26.1300353126463,-24.4507580042304,-36.4740758276179,-27.4843216382377
30,-18.8786633855144,-33.5533111365971,-32.6410892337193,-7.58021334504209,-30.2338438525446,-29.5315881946531,-27.4365695867782,-35.486129823795,-20.6455762868884,-28.7399945320446,NA,-28.6461952995819,-26.354977070249,-9.54764311451897,-26.9511873777804,-19.6870656526015
30,-11.3569730436118,-12.2807783696491,-31.814524591774,-4.50543466355718,-40.5300927867539,-26.6371211747454,-38.5526281085469,-36.0452006323201,-21.3598460345764,-17.1930494400338,-22.1492670232079,-25.4515257958933,-21.7410382403757,-21.654759988301,-22.4087635364058,-10.8780092867304
30,-22.6554360189775,-31.2006125807169,-38.5840204531214,-25.4560305961584,-21.7716120981901,-25.2559722304346,-24.0872533631984,-37.3541048389083,-21.3491411142144,-32.600507736863,-13.0679354634414,-20.1496961200908,-21.002601338005,-27.349091973889,-28.3152915521882,-35.9969432753032
30,-21.8575703299657,-18.9468131635107,-29.7694804357012,-26.3141231022773,-31.3693494651514,-27.6049303766884,-16.8942985761732,-20.5048321114751,-28.6705672722467,-24.2115174897732,-12.3619207072106,-18.7436718548743,-28.0454463293466,-35.6566962282291,-31.6890348225753,-33.8075916927402
30,-24.4697055375866,-31.4493653100527,-20.419733909131,-24.2991818342223,-32.0438480445991,-21.279304159534,-4.62523264884428,-30.0501620293959,-18.8408412041387,-18.6397698753838,-15.1548200865807,-21.9746813880971,-19.9343419430099,-33.8706303399847,-34.8371716409879,-26.4424222251305
30,-10.8907631173729,-29.7101570696279,-23.8270878450117,-11.7457487278236,-23.3210009168332,-27.1016712679286,-20.7626131828294,-33.9320690386737,-12.7040162333035,-27.6234318245231,-25.4296291788184,-33.759627380082,-25.3111904086035,-19.422064339907,-15.0912602642161,-19.4795852526513
30,-14.2606268415523,-17.5212775905318,-31.1510009673934,-28.6592705345661,-22.3761743650789,-23.1721806137452,-30.1063929641039,-23.2201656350578,-21.2973475851311,-21.4201379676453,-28.3455909153633,-25.2016538514348,-29.0524543347494,-30.958678432172,-31.3983706823401,-30.2774838114681
30,-8.74031152637998,-18.8403567635714,-31.0707145235094,-16.4967524890637,-26.8312175323534,-24.5744104552919,-31.6274745303522,-27.1849981350804,-26.958345973984,-26.9788938390145,-21.2127299230643,-26.4630021924434,-24.7127191678729,-22.1891843483556,-24.5784853160084,-18.9555988348048
30,-27.8581356196338,-12.3217137797565,-21.1484197007982,-3.58777389561069,-26.2992314467276,-1.93942317737757,-17.3716798850819,-38.224984471163,-15.9549974024112,-28.0824491262397,NA,-12.0018040546408,-10.381569897775,-38.1424370065201,-35.9561932540857,-35.7674272621453
30,-7.03605602427418,-23.987827652064,-28.8379196343942,-19.2674478050663,-24.5245716269785,-16.7317040849125,-33.3108506369091,-35.1560002017679,-31.2304617759621,-26.9272063975956,-34.4381018451325,-22.4240038839419,-29.0642523479889,-28.1481952073267,-29.7700234440998,-30.4311460577336
30,-21.260506220292,-24.8694037070903,-26.1306851306862,-11.6355076254628,-33.5225525326892,-32.4214737644528,-14.06015724177,-32.4153453586392,-18.1033329913767,-27.2830267892959,-18.3357619150963,-23.9652246367468,-28.0802324192726,-33.9416379994884,-32.6054250205029,-33.7212493795229
30,-12.3710872399188,-28.3495285847729,-26.514701276953,-24.1549759294637,-22.4620219984121,-29.8957060602372,-33.0187204252627,-38.0788595225029,-21.1701611869656,-22.2812155488369,-25.1698404130897,-24.9798679488474,-22.0781020134827,-36.9493141439512,-27.880071812249,-27.1163220917022
30,-17.1972738731609,-12.2609574230912,-24.5723417136523,-15.3976263113482,-23.5409966231993,-18.1427851788063,-33.2678399622823,-33.9219005139974,-25.1101789963415,-31.3916718300623,NA,-24.37537805315,-24.6126989724195,-24.0496811172724,-30.4137752397986,-27.2509356768653
30,-22.4541050534169,-31.4006096185671,-8.73445131975511,-26.4205280027556,-30.2542670626326,-30.6215929620684,-20.2023079120363,-34.9630309656414,-17.5715275162258,-30.7218687320233,-11.5283684301811,-9.22037943245942,-19.737387491701,-33.8736277220337,-29.3453207683609,-28.3191851790619
30,-17.8680093506624,-16.8418507510362,-32.0684029353152,-22.5684261421444,-29.3838427416316,-26.094585621684,-34.897132978347,-35.0528099037296,-28.8904169147523,-20.0935776256257,-19.1717867319938,-29.369447744673,-26.0433957256069,-26.2584040482609,-38.3858076032405,-26.8597859991269
30,-11.8334283591526,-28.9288148968217,-25.636329704114,-18.9457872599661,-29.1384469975003,-24.7940097769971,-19.3065145370361,-20.8180668744611,-24.8211453416719,-31.2813196898132,-28.3925296500455,-35.3309702888408,-18.5723591414686,-33.2543704469632,-28.3153875246524,-20.753202533353
30,-1.73004760026478,-12.7828915762579,-6.40900415126589,-23.3984400354172,-21.7241862490536,-26.2833564630281,-31.307400841481,-31.169537938237,-18.9269294854107,-22.8870463225926,-15.9366235676959,-29.4892106358026,NA,-17.0115666941914,-34.0391493993997,-18.2243175855451
30,-13.8845071603801,-13.5827547388482,-21.6627353676488,-25.140527594083,-30.0649393021033,-26.1718211204902,NA,-27.4419867680189,-16.7284509934781,-24.5322158529088,-21.9683427913846,-26.9578137489078,-24.0590415613703,-30.8037467358962,-31.2446577846574,-21.8717406369426
30,-22.1304393372695,-27.6751847040811,-25.5090010911547,-18.7860245664225,-38.0179719008299,-34.7663459077838,-33.8669116328362,-33.9321479968259,-23.3509009003483,-31.0403639202882,-18.7122146111911,-30.3065037318909,-34.39443245255,-35.0097612654204,-24.9651745361726,-32.1520870487376
30,-26.8301358971045,-10.9857676101187,-21.9892312330097,-24.745777907625,-24.0610222357374,-23.1441761247503,-40.3091017747954,-38.7764891689823,-30.6134883199743,-21.1546324993396,-26.2155365159377,-18.8102792021435,-25.7769454555338,-33.5317024188511,-29.9875558097358,-30.4009834885809
30,-22.1631865291067,-3.97548243461653,-23.6895353553178,-21.6133987656322,-18.4580617449546,-22.5541618719798,-30.4554017182428,-32.4801248846507,-21.9155228832433,-24.7350114842641,-28.922368534412,-25.4198042311791,-31.0973647806615,-26.7616352999832,-31.2482564107805,-26.7284554460955
30,-23.0303173155669,-18.9621861764886,-25.6066235635469,-15.7022342751786,-22.9508344923301,-16.9849417800855,-31.5058937779274,-36.4735449949755,-18.7345800534677,-22.7053429403411,-18.8630986426747,-24.3222948098643,-28.66239808955,-26.6853574279537,-29.648418350103,-30.6549979595773
30,-1.18911734634472,-19.9847251459256,-30.5313826860768,-10.4723630653043,-20.2664773764873,-30.3756696255177,-23.0149323776343,-32.2962311820591,-17.9287513251174,-27.7008789160196,-23.6296877580483,-32.889166636026,-4.94598303811913,-25.3422875068335,-28.5000213744729,-18.6481137797984
30,-25.0428464224324,-27.6350821046098,-24.4466577584536,-20.2959941664429,-21.6017477267986,-28.7335279227871,-9.34329981604598,-31.2230105302582,-9.77199014270647,-29.3420599169298,-45.3136824324081,-23.6885648764729,-18.1057028678353,-33.5946299357331,-30.1466120140125,-28.8830308505803
30,-24.8565386930696,-30.2316014660389,-29.3495739335065,-18.1428492894543,-15.8762669880009,-21.7353170053102,-15.0497470769091,-32.4115032045034,-24.2622774887055,-25.3002588345218,-11.2157544379497,-33.01369772665,-22.9800150227648,-31.2606049387778,-23.7765908902678,-32.5051521112316
30,-12.5136061694966,-24.1806487234486,-29.2585960653575,-18.9658438777385,-23.8343480402525,-32.2312830643712,-34.1798118908713,-22.7826463676306,-15.6169065976002,-22.4748562406875,-19.1432025792834,-24.3111071497413,-28.750395257539,-23.4276183976077,-30.7706542543795,-17.6944191264071
30,-21.9873589641602,-14.338094522248,-10.4489048829037,-13.4386976402343,-30.1690118241266,-23.2551574558422,-20.2094131868373,-35.7280099477648,-31.7663034175683,-34.9533489495908,-20.7381310704728,-19.8585916403766,-24.2310021893513,-28.6954876764238,-28.3748541997392,-37.1166098470676
30,-17.4573102393804,-17.6697174094675,-26.0699799674945,-11.6586091467106,-36.5383218885851,-20.9560355455122,-32.674142020588,-29.7361068333706,-25.9543781512536,-32.8615982903461,-28.9908556095156,-17.6922275049028,-21.5037352575662,-30.0022206710617,-30.7046329968512,-28.1013315061884
30,-15.1332175754521,-13.1652574601763,-27.0061608629416,-19.0120467127702,-28.676131552268,-12.5365266594256,-12.1062889058205,-27.5548813027744,-26.0668241734949,-28.1858166679183,-28.2345972209168,-15.6274520066403,NA,-26.2726230653144,-30.4977558951667,-27.9307489649809
30,-8.02838813621411,-25.8791798379461,-35.8360089349497,-19.4920402879408,-28.3326100410229,-33.8288442128711,-24.2504898147477,-24.6773623173922,-28.7914435979712,-34.784911914657,-21.6011250578145,-24.5928239340754,-19.7676948843124,-26.9010035695473,-36.2886855403819,-16.3112301601003
30,-29.5523345618955,-15.985276612722,-27.77738601873,-9.30912466438496,-30.1267021612134,-28.9707519325778,-20.3252385635546,-37.182469685081,-23.769294850756,-34.5831782558892,-26.9075156042394,-25.803555989892,-29.1123102443908,-43.1217896222875,-25.994931662732,-32.3424738423356
30,-29.0698085316544,-12.3739734937654,-18.2186095947208,-14.3018085473421,-20.2684056557805,-29.8834639030301,-32.063788676958,-35.8686676782321,-25.1903179838391,-31.9958896927376,-10.6524728249596,-31.2324977553397,-43.9658374924594,-40.1103638203754,-27.8849933267543,-28.9386282735942
30,-31.9565149676084,-14.6440749312912,-23.0255805397994,-18.6236591990653,-26.6169473443619,-17.8397570366851,-14.3884805274328,-25.127717770338,-17.8503408912264,-18.8827913879763,-20.1634840423223,-24.9921309592722,-33.1624124814767,-24.8475514890958,-29.1314349551641,-29.1551667129882
30,-24.2418438567581,-30.5578804936568,-23.1999519000094,-24.2657182343111,-30.36685294287,-31.3709653028799,-16.6898619192305,-27.0803154812251,-14.4026059312345,-16.1436228710898,-21.8318657293215,-25.4067168962535,-35.0063682187668,-40.5218772869386,-31.6923368065868,-43.5767680417621
30,-12.7744510713958,-16.7160520778717,-22.3219120883509,-26.7717498215416,-24.7894394948081,-24.5879568232637,-34.023771547109,-34.8014489284357,-30.9233328834005,-23.591813948311,-23.7244239502769,-16.9133788461383,-5.15897720657619,-22.5081810171243,-23.9085165896028,-29.8382579380774
30,-11.3667429236329,-25.5084834409854,-24.8852271364376,-25.9912782433466,-28.2606825169081,-24.0412100594149,-31.3587581857358,-37.575710791491,-20.0371072425094,-25.053997653796,-19.3347143981601,-32.4390008721229,-50.805982914952,-23.1966186159174,-33.3431849125806,-20.7004870764114
30,-8.42036389720272,-7.03493042925243,-23.9990270908044,-21.9020329641192,-41.2239834366993,-22.4385798418456,-37.7731938685054,-32.593747114591,-28.4022294377784,-29.8563072906804,-24.7284209324442,-21.4286805609415,-30.5086386145676,-22.2739992051146,-33.0934915677383,-20.7568743301861
30,-33.3863226683899,-19.0106953853377,-10.5980500530428,-24.8313197229522,-21.0464671430939,-17.8118512731698,-35.5569383962569,-36.0826310071605,-20.7193176025781,-26.953920391442,-23.1464710437982,-23.6641462198693,-8.77598002431701,-32.5765923036978,-30.8264394195686,-32.6922875206516
30,-18.0702866276492,-26.6905948756145,-21.8122478546427,-23.8923689003463,-28.2576352525628,-28.4547141161703,-18.4127429373329,-27.8227382179274,-12.7307906056732,-30.8786726291972,-27.5849135708785,-32.4559637290522,-30.6878801561885,-30.4662113790532,-26.5228183530434,-27.2997987384206
30,-24.7405603828779,-25.5403299056567,-22.1574298976267,-13.4112537056932,-27.7613387798751,-27.1211214581863,-21.2244359209704,-44.3411650662337,-2.53964301806002,-28.6736361136196,-24.8966379516232,-28.3510595464081,NA,-30.2060947192818,-34.0301077828782,-39.0253341216461
-30,-16.838850341051,-20.9848251622126,-4.04064283044933,-3.65803567029787,-18.3339040823222,-16.2559151887979,NA,-33.0458243046131,-9.46007798207637,-16.0262467941229,NA,NA,NA,NA,-21.651116837789,-23.0853097248131
-30,6.34494777590174,-6.80342179472741,-23.878138007798,-1.07935057193661,-28.8058664492802,-3.23762700971371,-36.9147204700672,-32.2236362756574,-5.26130529562745,-6.2882399706589,-29.045645183683,-19.4671174726108,NA,-19.4219333502727,12.7473012995247,NA
-30,-21.7433327931263,-5.24679318769939,-7.36591096297901,-13.2392034493654,-16.3373392708779,-4.64882330268966,5.21838993498061,40.3562005810569,-8.79447776702738,-1.97476384761218,NA,12.6506022441689,NA,-30.5333069711452,15.2324583659074,-23.6127341330063
-30,-12.3776760797408,3.92897871554027,-0.63206881924514,-12.2561530168782,-3.32345351707842,-15.0608714995683,1.16138849619421,10.4270534166066,-0.928333015268101,5.36009010427808,NA,8.13556340318518,NA,-7.48936140947357,75.3140729265207,-32.1850912972116
-30,-4.43599124152042,-2.95148463525402,-4.10705894221681,6.50983862078008,-16.1038596709644,6.60973915907244,10.5914084773191,17.9087114050501,4.52107257380993,-3.52051053393263,-19.8557999376594,-7.99109840220482,NA,6.4699565021028,34.1812494391044,-8.50609783520991
-30,-8.04370051160783,4.53991911677229,3.31248163439288,18.2480382805888,-13.5085301323501,-24.1941215880348,-0.0754042561863155,11.6850547045892,5.16192609067736,-4.55582671440133,-0.866782891704911,-11.0617195948315,NA,-15.848599477207,1.88115376145346,-35.2631103192792
-30,-3.58869388391304,2.30896623975477,-7.23213136511162,19.8849442052603,4.30503439311636,3.3943804862622,0.805973536585855,10.7266133412171,19.8552056760309,NA,-14.2673291963338,-9.96569224221584,NA,10.8710101129505,18.590098050096,5.55860230491222
-30,-21.5114816766946,12.4342361125934,-9.62698972467653,7.11444435082844,-0.728692441327587,19.376658255011,NA,58.5451419856774,-3.21141298930928,-4.89182167665743,NA,-12.195700257546,-1.06604468057962,-21.0039519717767,18.5514931540383,NA
-30,-15.7784195990922,15.7879165452068,2.49803699076869,-4.33710938151081,-13.3750277859663,8.90175272850905,1.11189090945433,-8.63612311314196,7.89240817351872,8.95997627262496,NA,4.05140572557892,14.2513232773214,-15.5357771216665,10.4567997601423,-21.7328428877749
-30,-6.21768096655934,10.0831102819236,-8.5663137405573,13.3043581881328,-13.6031939146251,-4.42534208190261,8.56701017114022,12.3554169558019,9.72137290593427,NA,-11.4771435617639,4.75871262042173,14.3316282188577,1.8221840418853,3.13029781311045,-5.07709491728844
-30,-1.8621615918097,1.02221959660538,-23.4693824122131,7.22050187001361,1.92284807868282,-18.8594754862357,-26.2724413202612,14.0844320386504,13.625725237962,5.47363445422437,-8.71274537037379,-3.5779917807629,NA,-10.1250631390697,22.6864574981233,-13.7079964383691
-30,2.56447324057456,1.15036335938143,-7.81869370404466,19.2850060533268,15.3159895823813,-0.190602011563265,4.61003100790703,4.99726681396143,1.76087971650351,9.36870490187202,NA,-16.7719812180855,NA,5.92781835509442,22.1999882964723,9.43314408506946
-30,-1.73094767516438,8.89995556843274,1.00708948361519,13.194346064528,12.3530609958419,4.16374122520143,0.243453985990884,17.0898681040767,4.41252522822873,13.5630079424945,9.15992640468177,0.27237276850855,4.1250527879797,10.3170700183267,12.2454008655688,6.57432571424109
-30,-10.6616629047942,10.8580428568894,-12.107739323015,-6.12846989119411,10.7965391306193,-3.71191102342973,NA,18.441573691666,-7.03905807050826,0.035524819699158,NA,1.14143781789844,-14.9032329289003,-16.3042261686742,19.2269182337896,NA
-30,10.9270549486082,16.5801610031328,3.04996172636333,7.09741538666743,8.07903292643794,-4.34740848534128,9.65195557582208,12.4619106977722,1.01155722506539,-1.79888384196007,NA,-15.5520687181964,1.16978282138557,15.0939605370045,22.8958206277007,13.8323133948395
-30,-5.61976092085534,0.111865867137189,-0.636345478154383,11.4781041974033,-11.4663642290652,2.95590793797028,9.13359951866768,9.14598594685058,10.5134574793146,-7.00159647100588,-17.1019356177825,-11.1695512541812,-4.78172990727943,10.5030076008096,7.32026007272339,3.03902032811733
NA,7.82046286974462,-18.6007568333087,-1.8564475370432,7.01611088737594,14.7284654487702,-8.29960066046979,-1.60247408428787,3.4297314702243,-0.504138233556768,-1.97587113641816,-0.0528997761194194,0.131262146253123,4.43751287661678,15.8939269649653,24.0007230551316,6.92477898723562
NA,-1.22768686590649,-2.94482068060439,-5.88335001615349,16.12159899745,2.1020180867468,0.0433339929231817,-18.3727147703443,-0.949204061738053,-5.8375583983006,-11.6047044300085,-11.4494435803647,-4.43642131885459,-20.5963992879092,7.71721128709956,20.8456457549932,-7.91581065117162
NA,-16.9155249545521,-15.4326798032516,-8.00068860197403,-13.5177971645746,-3.69760564508511,-21.4508751319187,-1.04814118137659,-19.721453452756,-6.54666141707577,-16.5730509468781,-12.0001503170263,-17.5428122581517,-9.41550644121708,-26.7765216822517,8.38540198654977,-21.1513674699078
NA,-13.2592085512229,-2.63236063710901,-22.0498189208522,-6.68241742822459,-12.1340193892482,-18.2564327270283,6.24324441568643,7.69348459326531,-3.62982924041607,-7.65350229372048,-8.45019532967232,-5.626699535136,-11.5268067929163,-17.9492624742964,7.17420473573859,-3.64793873276807
NA,3.07126844416859,-9.07183250478066,-2.37339417052633,0.0809115774957929,-18.7597701768657,-15.8905498946961,4.03370846068192,4.84306800542787,-5.79868660644911,-8.69908532431299,-3.59027244725173,-13.7961778372443,0.0944071094971468,-14.9178640949004,-13.3432665824741,1.59534357152925
NA,-1.21017829420041,-16.7892364156653,-11.5663622614466,-11.4516458884567,-11.2220173229526,-22.9356966164675,10.8514431167747,-11.2918814003209,-1.92882365703618,-14.9597932480018,-8.4462954489483,-18.6276093592771,-11.7782257322411,-20.3867618910872,-9.46208270884098,-13.5692583242682
NA,5.73944587146653,-9.42859187494751,-6.06004700065754,-0.0652199283431321,-12.4307972223516,-15.9078762429709,-11.8003056787246,-80.4401313581187,-4.11871474944646,-9.49917176223113,-2.4738841981144,-10.1431745776349,NA,3.88130287226671,-16.1832400617876,-6.72505612658355
NA,-16.3706213338829,-6.25941253696731,-11.6580468570392,-7.38949192761428,3.03503673184453,-2.45169141194061,-18.2486471694121,-25.8608011800168,-11.7911684900207,-12.6107254199459,2.04786144798342,-3.90096133346479,-17.2298597116997,-19.1888753791107,-16.9323601756694,-25.5526982228651
NA,-14.4393736045977,1.75735045073245,-8.38770665547611,-10.7395486750351,-3.07167417150643,-7.22165102282425,-21.3201103948371,-2.88600750883091,-6.92985892468913,-10.9629435250287,-9.25799632644245,-6.16835356487647,-9.61220101333354,-15.0847273487215,-8.21090065194526,-19.7721758898811
NA,-2.6392582410062,-6.18794027879996,-3.14272980051721,-10.3661559327268,-12.0750524705028,-11.2194714394485,3.96368725835229,-4.37577884625956,-10.3918298790587,-13.9006465963183,-11.6091947937291,-2.0496247692106,-2.06033100526629,6.17262047718245,-9.6971272346822,-4.75981232472087
NA,-7.97364984447794,-9.97636781970902,-14.9167183443123,-6.0777975057395,-11.9715517868482,-35.4870879164951,-25.8148784853027,11.5755152902381,-12.8949930231852,-8.37108165156588,-0.0435159819806645,-10.5975517492141,-19.3269100946187,-10.9386402712839,0.611170863196627,-12.0945619449263
NA,0.677434873266279,-16.9119817212639,-31.9325113939032,-2.18890897871485,-6.06601689429484,-23.4267808181459,3.85999909239739,-3.92715935973263,-15.1182096304084,-9.96252575668271,5.61597316475481,-13.0096639732081,-8.51150119640477,-1.36943945455541,-2.13599263859667,-7.1627188659437
NA,-2.9529696605469,-3.25771470238759,11.3894791840604,2.45062869862267,-4.98939508705817,-21.166657036286,-1.03972327591,-0.7610777442186,-6.29974592879814,NA,9.55297455590623,-10.8594556292417,-5.13465849324836,-20.726546089436,-2.94787847972714,-11.2496689724879
NA,-20.0245636400144,3.89420795969041,-15.2240137807599,-8.9648716708892,-5.27293337386176,-21.779252817257,-16.1145626248745,-17.4490432990959,-9.25327453531671,-14.9671937312532,-6.99673315515779,-6.72060856675528,-13.4596441533093,-19.155717885062,-3.07205871432564,-19.7858305880569
NA,-1.06275038904663,-18.7337820906623,-11.0885491220727,-4.11613107704367,-19.0996556755179,23.7826139313379,-3.64742159767769,8.67569032164971,-4.54929652754995,-9.37477637212622,-13.109844787963,-16.9078564273637,-4.10579821969821,-4.74466981759296,-0.783599274008632,1.32178008233941
NA,0.973185335481962,-7.10873630806611,-1.24120309528292,0.558481114782958,-12.9541525680682,-33.0290555091804,-2.79961054032313,3.01367089334121,-4.00112261737486,NA,-11.7843998692744,-5.81465417240131,-5.84234224863341,5.52395251691048,-4.99505025096186,-0.35650437350755
NA,9.03709554477035,0.87281099857051,-10.0882538348598,-1.28435693075391,-18.5647060343949,-16.9614279128682,-11.2300019641592,18.0365917180765,-13.1352447885044,-15.5552831790882,NA,-2.49534047183218,-16.8464828973314,9.1062567407069,1.56774560034857,-10.9839426009981
NA,7.32669758922705,-19.0378817059473,0.150837837816223,0.747390314100945,-7.63615164354898,-25.8034650658263,-3.10616472963401,7.20526198838681,-3.47132630167718,-21.0776716929619,2.45171596662008,-10.0623347757009,-1.5225769666661,6.60402146035265,3.2674136165105,5.40823433412584
NA,-0.370340357196524,-7.17869188978032,-12.2424498333363,-5.41155752255586,-17.6890602578379,-13.4380945023527,1.11383252623599,11.1121153921765,-9.3515468474009,NA,-1.37481120440317,-0.362903997596097,1.61523266652501,-20.0934271486512,-6.26942184976923,-21.3821712185496
NA,-13.7516053157532,-5.74483460265938,-6.37700589365743,-8.9954318724958,-19.2219630176736,-29.0756753598868,7.8427837108928,-22.9311863231791,6.27331534992526,-20.1888775126516,-15.5389996044597,-8.11027853951926,-3.76886354844647,-15.7048927210516,4.16622675218514,-26.5089255102346
NA,-1.34855499193994,-14.6262400215003,-10.1029268090786,-5.27611089778465,-7.14334577983068,4.12991266760842,0.570000553011264,7.58325612633942,0.810186678162239,-14.8813896917667,-8.73368619314676,-18.0385802256848,-5.07177245189888,-12.921064616404,-1.89913600728754,-10.6531308959945
NA,8.1016850900757,-10.2856172592508,4.53941898500397,-10.9983887937891,-11.0093791244104,-3.50855967277957,10.1178792301959,11.2772595434034,5.36012288064284,-15.3956876513041,-20.4976085493094,-9.27594835525784,1.09266097509725,0.413933617260323,-0.641345880963627,-5.94137441437518
NA,-8.78521066623438,-8.91582180953959,-3.48325916435856,-10.1594578943673,-3.48971820471004,-20.368688439044,-7.11030382030065,-4.59009407893563,-13.5333172882139,-18.0210333255022,-7.47275178678122,-4.06051804908849,NA,-12.7060631024564,-0.835980879821186,-26.6897493665132
NA,-0.0797219619623382,2.38564975708799,-2.32180916037856,-4.92953625665321,-8.19377556411465,-16.1840501970175,-13.7565311379846,-4.55070736621113,2.45692967680959,-4.69263558496753,-18.0830146953885,1.84920548982033,-10.0486480935734,12.94872505022,1.71376422494689,-5.7687331670621
NA,8.57734205599927,1.93335735098664,-15.4181298680338,4.36314691835063,-15.5512484172678,-1.19299455693754,-21.7104775469965,8.15908319418032,-9.16991197429872,-9.31255085127525,-16.018750966004,-3.51405370371968,-16.142538864837,1.41540063094642,-5.07246581994964,-3.3079002060093
NA,-14.6138567126844,7.94992507573019,-22.4188436342969,24.1363869410241,-12.704416323448,-1.09013323796551,-1.67594362316625,-10.4820807059885,-11.9390937863173,-16.9558399339293,-8.18185131368003,2.48236732708085,-1.05189903633915,-17.0348371714679,7.5738029615996,-28.2189310384797
NA,4.31616823672711,-9.80172267717837,-11.2376751588296,2.14607619933129,-10.5368895104139,-9.14614472151306,-3.65997633597361,6.60835171799533,-9.2757925272826,-12.4798686468533,-3.35647277791841,-15.6410561241937,-10.2742348156239,4.1661539456841,-5.16451968674804,-12.1293164757656
NA,-3.06158781794756,-5.33035060430006,-15.2644036923416,-4.43834814542801,-5.0175287830155,-13.0542830748771,12.0108207193071,-4.40428413259308,-8.65667252375107,-6.99664732581287,8.43032609389267,-3.05914057664645,-6.91987133848679,-7.14477939143427,-1.24186596943778,-4.48588628427046
NA,-10.2542776231171,-14.4937291654429,-2.83251884525635,-7.38461429305582,-0.110661104738241,-8.50495358496243,6.27128211264155,-15.5177565033365,-0.756718925269113,-11.7134497821952,1.90148260755098,-15.7909309120341,0.803829705294933,-20.140303677397,-3.20269687999065,-18.9081082717568
NA,-1.55519909679003,-15.0549083233316,-11.2474195012208,-6.58782143882263,1.68504108608187,-26.4416138226006,-8.60350462603029,14.4204232356255,-1.33143643080761,-10.9343486653671,-4.65340356241834,-2.23777672732457,2.00191541365304,-11.9505036362174,1.6240810954749,-11.1725807733824
NA,6.08948822060889,-3.74683887730527,-27.4380604854003,-3.25719378574807,-8.47482093192261,26.6467930901449,0.544145831683627,5.29915353364404,-7.01117125584979,-15.2419314259173,-7.25144727900611,-10.7006891622932,-10.4164922228435,2.28670883238968,-9.38591171644554,2.98475912878623
NA,11.6591043410559,-5.98487179702551,-16.4942147038813,22.3251671438055,-8.74152677142803,-6.79534135216327,-7.37319174259808,16.0221841654088,-10.57482886371,-12.2113626749419,-17.5507219009989,-5.33162252547281,-10.4265712349386,-8.42115625132675,0.686494177689181,-6.27230910282766
NA,7.34267848511037,8.94228885987875,-5.39361333562424,-8.23601846246463,-13.6236191947612,2.23654720090917,-2.83724294682484,9.12298504067172,-22.8294253169623,-9.98656190646038,-17.8422150763222,-0.211950309514659,5.06053068573334,0.916066165027235,-5.16575938829476,6.90501747378222
NA,12.4299907649156,-6.43201510375632,-14.6915329210532,-0.109589714070547,-6.87651870489499,-17.1139515544891,-20.0748102025648,16.0327511050112,-1.72532686252576,-4.92862428969949,-2.29338759641376,NA,-13.5622536449507,1.21896882839587,-3.7411170275105,-2.78239229904427
NA,-17.0575409252499,-0.511328884458905,-7.00756108609705,-11.5658499540854,-12.4924174948307,-8.46066899695565,6.99441019215058,-23.2719055793789,-7.99368595830595,-15.6932084919479,-8.11550278784302,-4.78527781042996,-2.5765410361357,-5.30210755701309,1.75705503482893,-22.593199189986
NA,-8.15147624518232,-6.08823204569811,-18.656865057547,0.316333088936855,-1.72802140933025,-19.700147155227,5.28461673124393,-0.384579816313103,-5.73835101527567,-11.317801481425,14.1595413851929,-12.0189964550998,-10.3630023259706,-9.65905454643387,6.76305922614168,-8.88165759960175
NA,-17.6642136164089,-11.3317708140627,-15.9275023638677,-6.79013477075592,-6.40684002263038,-17.2842568135255,-16.4980304233146,15.2860919363379,-16.3492301382719,-8.7189514542368,18.4663430266604,-3.678099601102,-14.3132634465926,-9.77234499557298,8.31169363270423,-24.8916679792224
NA,-4.74664803814611,-13.9674701458404,0.153950629383978,-9.8234677099783,-18.7246597605855,-13.7266676335358,-2.12095908644471,2.93049005147087,-11.1336530374229,-10.8481053865652,-5.07400142320128,-14.5598776949737,-0.00673946573068562,4.68753519277387,1.34309997356805,2.74100047084271
NA,0.0074400037657314,-0.759939805880932,-19.5331468624502,-8.38313740621587,-13.4369904166421,-14.4820590813502,3.19009346089782,19.1915445983538,-10.6655880744508,-8.68986486136434,-3.05679091084955,-6.49090949177775,-2.97086006302876,-13.0079501808615,-1.46198787031201,-15.9926132639997
NA,8.64118677386994,-2.58080280714632,-5.51485050730478,-11.4636409047292,-11.7113646790222,-9.20101018846153,NA,18.7685451295191,3.73951670868051,-7.99313772649086,-10.5752963936773,-3.24258126687795,2.94228133422767,-4.4404853451349,-6.50085541173925,8.78626437763517
NA,10.3909642093092,-11.7194775563337,-7.21115961588642,5.81388533277204,-1.19623671955923,-9.69031056750497,-14.168209325094,15.353473680109,-8.39016106690969,-10.244511094059,-6.06951995918461,-13.9277526795662,-4.79427458812365,1.75142095204567,10.1294242690662,-1.29301791713658
NA,1.57301127863764,-10.3123272878186,-15.1696621574269,-3.73057542308118,-12.637642810073,-3.26004009874667,5.28434394651627,-3.86100857716512,-6.73541061993014,-7.76160266425104,-1.52186550171666,-0.601175478463583,-3.667003720986,-9.2164246579844,-15.9834149697292,-16.2256760172999
NA,1.75710320843484,-1.92142875826315,-16.1300746880424,-0.671730264741444,-11.3679742838951,-3.21198804319109,-21.4265262097799,8.86026424954649,-12.9434840719933,-7.1403619400368,-0.134557196216777,-3.72566426603494,-1.60249991104733,-0.583121337225665,-6.4323602292828,-9.95874287304618
NA,-13.5391200687918,-11.6614619201573,-57.1433725208934,-8.37183043480773,-3.03402733025539,-5.14728198474885,3.59890592166458,-26.5511112691052,-8.50464003105656,-8.98738217778274,-1.26830806499483,-6.9374994241962,4.36337856746612,-16.86722011393,-3.24635946814215,-20.434995138439
NA,-0.876418466306181,-1.96593038594194,-13.1344340977579,-6.96774187487064,-11.1419643325308,-11.9404153374229,-6.33540590926266,5.88654509364144,-12.2699874448526,-5.16620156584311,-12.0625687296493,-14.1376642355155,6.35605067933597,-24.5195862380535,-4.70457458164021,-14.9458916920179
NA,-13.9398029344514,-0.75607071289266,-19.5125295465525,-5.91318129727422,-5.54425291377966,-10.6952137858484,-5.10953163740158,-20.0785738708181,-7.04451527041088,-12.2360569889444,-10.1927791044746,-4.79593158352546,-6.46913282319277,-21.0684128665939,9.50421555472584,-31.6400664389061
NA,3.22379498176652,-16.4398264161182,-15.1633431389582,-6.23542108442954,-4.57399158875303,-20.9361678725778,10.992068466423,13.0525814553079,0.666952806716578,-6.93736300911339,0.903635892045053,-14.9932648350585,11.9769628004534,2.60310614237686,1.82375793093346,-11.6590668771618
NA,6.60365126724916,-5.2310623203558,-5.61250388096411,1.41750883598306,-6.65760339613422,-12.6874009700391,7.83644667072385,7.33831843132206,4.30943370300021,-4.32855300912382,3.48753524949408,3.37355462938793,-12.2506039478926,9.8726323086181,5.90600354338594,-5.96122995882321
